fecha;anual;trimestral
01/01/2010;0,2;0
02/01/2010;0,2;0
03/01/2010;0,2;0
04/01/2010;0,2;0
05/01/2010;0,2;0
06/01/2010;0,2;0
07/01/2010;0,2;0
08/01/2010;0,2;0
09/01/2010;0,2;0
10/01/2010;0,2;0
11/01/2010;0,2;0
12/01/2010;0,2;0
13/01/2010;0,2;0
14/01/2010;0,2;0
15/01/2010;0,2;0
16/01/2010;0,2;0
17/01/2010;0,2;0
18/01/2010;0,2;0
19/01/2010;0,2;0
20/01/2010;0,2;0
21/01/2010;0,2;0
22/01/2010;0,2;0
23/01/2010;0,2;0
24/01/2010;0,2;0
25/01/2010;0,2;0
26/01/2010;0,2;0
27/01/2010;0,2;0
28/01/2010;0,2;0
29/01/2010;0,2;0
30/01/2010;0,2;0
31/01/2010;0,2;0
01/02/2010;0,2;0
02/02/2010;0,2;0
03/02/2010;0,2;0
04/02/2010;0,2;0
05/02/2010;0,2;0
06/02/2010;0,2;0
07/02/2010;0,2;0
08/02/2010;0,2;0
09/02/2010;0,2;0
10/02/2010;0,2;0
11/02/2010;0,2;0
12/02/2010;0,2;0
13/02/2010;0,2;0
14/02/2010;0,2;0
15/02/2010;0,2;0
16/02/2010;0,2;0
17/02/2010;0,2;0
18/02/2010;0,2;0
19/02/2010;0,2;0
20/02/2010;0,2;0
21/02/2010;0,2;0
22/02/2010;0,2;0
23/02/2010;0,2;0
24/02/2010;0,2;0
25/02/2010;0,2;0
26/02/2010;0,2;0
27/02/2010;0,2;0
28/02/2010;0,2;0
01/03/2010;0,2;0
02/03/2010;0,2;0
03/03/2010;0,2;0
04/03/2010;0,2;0
05/03/2010;0,2;0
06/03/2010;0,2;0
07/03/2010;0,2;0
08/03/2010;0,2;0
09/03/2010;0,2;0
10/03/2010;0,2;0
11/03/2010;0,2;0
12/03/2010;0,2;0
13/03/2010;0,2;0
14/03/2010;0,2;0
15/03/2010;0,2;0
16/03/2010;0,2;0
17/03/2010;0,2;0
18/03/2010;0,2;0
19/03/2010;0,2;0
20/03/2010;0,2;0
21/03/2010;0,2;0
22/03/2010;0,2;0
23/03/2010;0,2;0
24/03/2010;0,2;0
25/03/2010;0,2;0
26/03/2010;0,2;0
27/03/2010;0,2;0
28/03/2010;0,2;0
29/03/2010;0,2;0
30/03/2010;0,2;0
31/03/2010;0,2;0
01/04/2010;0,3;0,1
02/04/2010;0,3;0,1
03/04/2010;0,3;0,1
04/04/2010;0,3;0,1
05/04/2010;0,3;0,1
06/04/2010;0,3;0,1
07/04/2010;0,3;0,1
08/04/2010;0,3;0,1
09/04/2010;0,3;0,1
10/04/2010;0,3;0,1
11/04/2010;0,3;0,1
12/04/2010;0,3;0,1
13/04/2010;0,3;0,1
14/04/2010;0,3;0,1
15/04/2010;0,3;0,1
16/04/2010;0,3;0,1
17/04/2010;0,3;0,1
18/04/2010;0,3;0,1
19/04/2010;0,3;0,1
20/04/2010;0,3;0,1
21/04/2010;0,3;0,1
22/04/2010;0,3;0,1
23/04/2010;0,3;0,1
24/04/2010;0,3;0,1
25/04/2010;0,3;0,1
26/04/2010;0,3;0,1
27/04/2010;0,3;0,1
28/04/2010;0,3;0,1
29/04/2010;0,3;0,1
30/04/2010;0,3;0,1
01/05/2010;0,3;0,1
02/05/2010;0,3;0,1
03/05/2010;0,3;0,1
04/05/2010;0,3;0,1
05/05/2010;0,3;0,1
06/05/2010;0,3;0,1
07/05/2010;0,3;0,1
08/05/2010;0,3;0,1
09/05/2010;0,3;0,1
10/05/2010;0,3;0,1
11/05/2010;0,3;0,1
12/05/2010;0,3;0,1
13/05/2010;0,3;0,1
14/05/2010;0,3;0,1
15/05/2010;0,3;0,1
16/05/2010;0,3;0,1
17/05/2010;0,3;0,1
18/05/2010;0,3;0,1
19/05/2010;0,3;0,1
20/05/2010;0,3;0,1
21/05/2010;0,3;0,1
22/05/2010;0,3;0,1
23/05/2010;0,3;0,1
24/05/2010;0,3;0,1
25/05/2010;0,3;0,1
26/05/2010;0,3;0,1
27/05/2010;0,3;0,1
28/05/2010;0,3;0,1
29/05/2010;0,3;0,1
30/05/2010;0,3;0,1
31/05/2010;0,3;0,1
01/06/2010;0,3;0,1
02/06/2010;0,3;0,1
03/06/2010;0,3;0,1
04/06/2010;0,3;0,1
05/06/2010;0,3;0,1
06/06/2010;0,3;0,1
07/06/2010;0,3;0,1
08/06/2010;0,3;0,1
09/06/2010;0,3;0,1
10/06/2010;0,3;0,1
11/06/2010;0,3;0,1
12/06/2010;0,3;0,1
13/06/2010;0,3;0,1
14/06/2010;0,3;0,1
15/06/2010;0,3;0,1
16/06/2010;0,3;0,1
17/06/2010;0,3;0,1
18/06/2010;0,3;0,1
19/06/2010;0,3;0,1
20/06/2010;0,3;0,1
21/06/2010;0,3;0,1
22/06/2010;0,3;0,1
23/06/2010;0,3;0,1
24/06/2010;0,3;0,1
25/06/2010;0,3;0,1
26/06/2010;0,3;0,1
27/06/2010;0,3;0,1
28/06/2010;0,3;0,1
29/06/2010;0,3;0,1
30/06/2010;0,3;0,1
01/07/2010;0,1;-0,1
02/07/2010;0,1;-0,1
03/07/2010;0,1;-0,1
04/07/2010;0,1;-0,1
05/07/2010;0,1;-0,1
06/07/2010;0,1;-0,1
07/07/2010;0,1;-0,1
08/07/2010;0,1;-0,1
09/07/2010;0,1;-0,1
10/07/2010;0,1;-0,1
11/07/2010;0,1;-0,1
12/07/2010;0,1;-0,1
13/07/2010;0,1;-0,1
14/07/2010;0,1;-0,1
15/07/2010;0,1;-0,1
16/07/2010;0,1;-0,1
17/07/2010;0,1;-0,1
18/07/2010;0,1;-0,1
19/07/2010;0,1;-0,1
20/07/2010;0,1;-0,1
21/07/2010;0,1;-0,1
22/07/2010;0,1;-0,1
23/07/2010;0,1;-0,1
24/07/2010;0,1;-0,1
25/07/2010;0,1;-0,1
26/07/2010;0,1;-0,1
27/07/2010;0,1;-0,1
28/07/2010;0,1;-0,1
29/07/2010;0,1;-0,1
30/07/2010;0,1;-0,1
31/07/2010;0,1;-0,1
01/08/2010;0,1;-0,1
02/08/2010;0,1;-0,1
03/08/2010;0,1;-0,1
04/08/2010;0,1;-0,1
05/08/2010;0,1;-0,1
06/08/2010;0,1;-0,1
07/08/2010;0,1;-0,1
08/08/2010;0,1;-0,1
09/08/2010;0,1;-0,1
10/08/2010;0,1;-0,1
11/08/2010;0,1;-0,1
12/08/2010;0,1;-0,1
13/08/2010;0,1;-0,1
14/08/2010;0,1;-0,1
15/08/2010;0,1;-0,1
16/08/2010;0,1;-0,1
17/08/2010;0,1;-0,1
18/08/2010;0,1;-0,1
19/08/2010;0,1;-0,1
20/08/2010;0,1;-0,1
21/08/2010;0,1;-0,1
22/08/2010;0,1;-0,1
23/08/2010;0,1;-0,1
24/08/2010;0,1;-0,1
25/08/2010;0,1;-0,1
26/08/2010;0,1;-0,1
27/08/2010;0,1;-0,1
28/08/2010;0,1;-0,1
29/08/2010;0,1;-0,1
30/08/2010;0,1;-0,1
31/08/2010;0,1;-0,1
01/09/2010;0,1;-0,1
02/09/2010;0,1;-0,1
03/09/2010;0,1;-0,1
04/09/2010;0,1;-0,1
05/09/2010;0,1;-0,1
06/09/2010;0,1;-0,1
07/09/2010;0,1;-0,1
08/09/2010;0,1;-0,1
09/09/2010;0,1;-0,1
10/09/2010;0,1;-0,1
11/09/2010;0,1;-0,1
12/09/2010;0,1;-0,1
13/09/2010;0,1;-0,1
14/09/2010;0,1;-0,1
15/09/2010;0,1;-0,1
16/09/2010;0,1;-0,1
17/09/2010;0,1;-0,1
18/09/2010;0,1;-0,1
19/09/2010;0,1;-0,1
20/09/2010;0,1;-0,1
21/09/2010;0,1;-0,1
22/09/2010;0,1;-0,1
23/09/2010;0,1;-0,1
24/09/2010;0,1;-0,1
25/09/2010;0,1;-0,1
26/09/2010;0,1;-0,1
27/09/2010;0,1;-0,1
28/09/2010;0,1;-0,1
29/09/2010;0,1;-0,1
30/09/2010;0,1;-0,1
01/10/2010;0,1;0,1
02/10/2010;0,1;0,1
03/10/2010;0,1;0,1
04/10/2010;0,1;0,1
05/10/2010;0,1;0,1
06/10/2010;0,1;0,1
07/10/2010;0,1;0,1
08/10/2010;0,1;0,1
09/10/2010;0,1;0,1
10/10/2010;0,1;0,1
11/10/2010;0,1;0,1
12/10/2010;0,1;0,1
13/10/2010;0,1;0,1
14/10/2010;0,1;0,1
15/10/2010;0,1;0,1
16/10/2010;0,1;0,1
17/10/2010;0,1;0,1
18/10/2010;0,1;0,1
19/10/2010;0,1;0,1
20/10/2010;0,1;0,1
21/10/2010;0,1;0,1
22/10/2010;0,1;0,1
23/10/2010;0,1;0,1
24/10/2010;0,1;0,1
25/10/2010;0,1;0,1
26/10/2010;0,1;0,1
27/10/2010;0,1;0,1
28/10/2010;0,1;0,1
29/10/2010;0,1;0,1
30/10/2010;0,1;0,1
31/10/2010;0,1;0,1
01/11/2010;0,1;0,1
02/11/2010;0,1;0,1
03/11/2010;0,1;0,1
04/11/2010;0,1;0,1
05/11/2010;0,1;0,1
06/11/2010;0,1;0,1
07/11/2010;0,1;0,1
08/11/2010;0,1;0,1
09/11/2010;0,1;0,1
10/11/2010;0,1;0,1
11/11/2010;0,1;0,1
12/11/2010;0,1;0,1
13/11/2010;0,1;0,1
14/11/2010;0,1;0,1
15/11/2010;0,1;0,1
16/11/2010;0,1;0,1
17/11/2010;0,1;0,1
18/11/2010;0,1;0,1
19/11/2010;0,1;0,1
20/11/2010;0,1;0,1
21/11/2010;0,1;0,1
22/11/2010;0,1;0,1
23/11/2010;0,1;0,1
24/11/2010;0,1;0,1
25/11/2010;0,1;0,1
26/11/2010;0,1;0,1
27/11/2010;0,1;0,1
28/11/2010;0,1;0,1
29/11/2010;0,1;0,1
30/11/2010;0,1;0,1
01/12/2010;0,1;0,1
02/12/2010;0,1;0,1
03/12/2010;0,1;0,1
04/12/2010;0,1;0,1
05/12/2010;0,1;0,1
06/12/2010;0,1;0,1
07/12/2010;0,1;0,1
08/12/2010;0,1;0,1
09/12/2010;0,1;0,1
10/12/2010;0,1;0,1
11/12/2010;0,1;0,1
12/12/2010;0,1;0,1
13/12/2010;0,1;0,1
14/12/2010;0,1;0,1
15/12/2010;0,1;0,1
16/12/2010;0,1;0,1
17/12/2010;0,1;0,1
18/12/2010;0,1;0,1
19/12/2010;0,1;0,1
20/12/2010;0,1;0,1
21/12/2010;0,1;0,1
22/12/2010;0,1;0,1
23/12/2010;0,1;0,1
24/12/2010;0,1;0,1
25/12/2010;0,1;0,1
26/12/2010;0,1;0,1
27/12/2010;0,1;0,1
28/12/2010;0,1;0,1
29/12/2010;0,1;0,1
30/12/2010;0,1;0,1
31/12/2010;0,1;0,1
01/01/2011;0;-0,2
02/01/2011;0;-0,2
03/01/2011;0;-0,2
04/01/2011;0;-0,2
05/01/2011;0;-0,2
06/01/2011;0;-0,2
07/01/2011;0;-0,2
08/01/2011;0;-0,2
09/01/2011;0;-0,2
10/01/2011;0;-0,2
11/01/2011;0;-0,2
12/01/2011;0;-0,2
13/01/2011;0;-0,2
14/01/2011;0;-0,2
15/01/2011;0;-0,2
16/01/2011;0;-0,2
17/01/2011;0;-0,2
18/01/2011;0;-0,2
19/01/2011;0;-0,2
20/01/2011;0;-0,2
21/01/2011;0;-0,2
22/01/2011;0;-0,2
23/01/2011;0;-0,2
24/01/2011;0;-0,2
25/01/2011;0;-0,2
26/01/2011;0;-0,2
27/01/2011;0;-0,2
28/01/2011;0;-0,2
29/01/2011;0;-0,2
30/01/2011;0;-0,2
31/01/2011;0;-0,2
01/02/2011;0;-0,2
02/02/2011;0;-0,2
03/02/2011;0;-0,2
04/02/2011;0;-0,2
05/02/2011;0;-0,2
06/02/2011;0;-0,2
07/02/2011;0;-0,2
08/02/2011;0;-0,2
09/02/2011;0;-0,2
10/02/2011;0;-0,2
11/02/2011;0;-0,2
12/02/2011;0;-0,2
13/02/2011;0;-0,2
14/02/2011;0;-0,2
15/02/2011;0;-0,2
16/02/2011;0;-0,2
17/02/2011;0;-0,2
18/02/2011;0;-0,2
19/02/2011;0;-0,2
20/02/2011;0;-0,2
21/02/2011;0;-0,2
22/02/2011;0;-0,2
23/02/2011;0;-0,2
24/02/2011;0;-0,2
25/02/2011;0;-0,2
26/02/2011;0;-0,2
27/02/2011;0;-0,2
28/02/2011;0;-0,2
01/03/2011;0;-0,2
02/03/2011;0;-0,2
03/03/2011;0;-0,2
04/03/2011;0;-0,2
05/03/2011;0;-0,2
06/03/2011;0;-0,2
07/03/2011;0;-0,2
08/03/2011;0;-0,2
09/03/2011;0;-0,2
10/03/2011;0;-0,2
11/03/2011;0;-0,2
12/03/2011;0;-0,2
13/03/2011;0;-0,2
14/03/2011;0;-0,2
15/03/2011;0;-0,2
16/03/2011;0;-0,2
17/03/2011;0;-0,2
18/03/2011;0;-0,2
19/03/2011;0;-0,2
20/03/2011;0;-0,2
21/03/2011;0;-0,2
22/03/2011;0;-0,2
23/03/2011;0;-0,2
24/03/2011;0;-0,2
25/03/2011;0;-0,2
26/03/2011;0;-0,2
27/03/2011;0;-0,2
28/03/2011;0;-0,2
29/03/2011;0;-0,2
30/03/2011;0;-0,2
31/03/2011;0;-0,2
01/04/2011;-0,5;-0,3
02/04/2011;-0,5;-0,3
03/04/2011;-0,5;-0,3
04/04/2011;-0,5;-0,3
05/04/2011;-0,5;-0,3
06/04/2011;-0,5;-0,3
07/04/2011;-0,5;-0,3
08/04/2011;-0,5;-0,3
09/04/2011;-0,5;-0,3
10/04/2011;-0,5;-0,3
11/04/2011;-0,5;-0,3
12/04/2011;-0,5;-0,3
13/04/2011;-0,5;-0,3
14/04/2011;-0,5;-0,3
15/04/2011;-0,5;-0,3
16/04/2011;-0,5;-0,3
17/04/2011;-0,5;-0,3
18/04/2011;-0,5;-0,3
19/04/2011;-0,5;-0,3
20/04/2011;-0,5;-0,3
21/04/2011;-0,5;-0,3
22/04/2011;-0,5;-0,3
23/04/2011;-0,5;-0,3
24/04/2011;-0,5;-0,3
25/04/2011;-0,5;-0,3
26/04/2011;-0,5;-0,3
27/04/2011;-0,5;-0,3
28/04/2011;-0,5;-0,3
29/04/2011;-0,5;-0,3
30/04/2011;-0,5;-0,3
01/05/2011;-0,5;-0,3
02/05/2011;-0,5;-0,3
03/05/2011;-0,5;-0,3
04/05/2011;-0,5;-0,3
05/05/2011;-0,5;-0,3
06/05/2011;-0,5;-0,3
07/05/2011;-0,5;-0,3
08/05/2011;-0,5;-0,3
09/05/2011;-0,5;-0,3
10/05/2011;-0,5;-0,3
11/05/2011;-0,5;-0,3
12/05/2011;-0,5;-0,3
13/05/2011;-0,5;-0,3
14/05/2011;-0,5;-0,3
15/05/2011;-0,5;-0,3
16/05/2011;-0,5;-0,3
17/05/2011;-0,5;-0,3
18/05/2011;-0,5;-0,3
19/05/2011;-0,5;-0,3
20/05/2011;-0,5;-0,3
21/05/2011;-0,5;-0,3
22/05/2011;-0,5;-0,3
23/05/2011;-0,5;-0,3
24/05/2011;-0,5;-0,3
25/05/2011;-0,5;-0,3
26/05/2011;-0,5;-0,3
27/05/2011;-0,5;-0,3
28/05/2011;-0,5;-0,3
29/05/2011;-0,5;-0,3
30/05/2011;-0,5;-0,3
31/05/2011;-0,5;-0,3
01/06/2011;-0,5;-0,3
02/06/2011;-0,5;-0,3
03/06/2011;-0,5;-0,3
04/06/2011;-0,5;-0,3
05/06/2011;-0,5;-0,3
06/06/2011;-0,5;-0,3
07/06/2011;-0,5;-0,3
08/06/2011;-0,5;-0,3
09/06/2011;-0,5;-0,3
10/06/2011;-0,5;-0,3
11/06/2011;-0,5;-0,3
12/06/2011;-0,5;-0,3
13/06/2011;-0,5;-0,3
14/06/2011;-0,5;-0,3
15/06/2011;-0,5;-0,3
16/06/2011;-0,5;-0,3
17/06/2011;-0,5;-0,3
18/06/2011;-0,5;-0,3
19/06/2011;-0,5;-0,3
20/06/2011;-0,5;-0,3
21/06/2011;-0,5;-0,3
22/06/2011;-0,5;-0,3
23/06/2011;-0,5;-0,3
24/06/2011;-0,5;-0,3
25/06/2011;-0,5;-0,3
26/06/2011;-0,5;-0,3
27/06/2011;-0,5;-0,3
28/06/2011;-0,5;-0,3
29/06/2011;-0,5;-0,3
30/06/2011;-0,5;-0,3
01/07/2011;-1,1;-0,6
02/07/2011;-1,1;-0,6
03/07/2011;-1,1;-0,6
04/07/2011;-1,1;-0,6
05/07/2011;-1,1;-0,6
06/07/2011;-1,1;-0,6
07/07/2011;-1,1;-0,6
08/07/2011;-1,1;-0,6
09/07/2011;-1,1;-0,6
10/07/2011;-1,1;-0,6
11/07/2011;-1,1;-0,6
12/07/2011;-1,1;-0,6
13/07/2011;-1,1;-0,6
14/07/2011;-1,1;-0,6
15/07/2011;-1,1;-0,6
16/07/2011;-1,1;-0,6
17/07/2011;-1,1;-0,6
18/07/2011;-1,1;-0,6
19/07/2011;-1,1;-0,6
20/07/2011;-1,1;-0,6
21/07/2011;-1,1;-0,6
22/07/2011;-1,1;-0,6
23/07/2011;-1,1;-0,6
24/07/2011;-1,1;-0,6
25/07/2011;-1,1;-0,6
26/07/2011;-1,1;-0,6
27/07/2011;-1,1;-0,6
28/07/2011;-1,1;-0,6
29/07/2011;-1,1;-0,6
30/07/2011;-1,1;-0,6
31/07/2011;-1,1;-0,6
01/08/2011;-1,1;-0,6
02/08/2011;-1,1;-0,6
03/08/2011;-1,1;-0,6
04/08/2011;-1,1;-0,6
05/08/2011;-1,1;-0,6
06/08/2011;-1,1;-0,6
07/08/2011;-1,1;-0,6
08/08/2011;-1,1;-0,6
09/08/2011;-1,1;-0,6
10/08/2011;-1,1;-0,6
11/08/2011;-1,1;-0,6
12/08/2011;-1,1;-0,6
13/08/2011;-1,1;-0,6
14/08/2011;-1,1;-0,6
15/08/2011;-1,1;-0,6
16/08/2011;-1,1;-0,6
17/08/2011;-1,1;-0,6
18/08/2011;-1,1;-0,6
19/08/2011;-1,1;-0,6
20/08/2011;-1,1;-0,6
21/08/2011;-1,1;-0,6
22/08/2011;-1,1;-0,6
23/08/2011;-1,1;-0,6
24/08/2011;-1,1;-0,6
25/08/2011;-1,1;-0,6
26/08/2011;-1,1;-0,6
27/08/2011;-1,1;-0,6
28/08/2011;-1,1;-0,6
29/08/2011;-1,1;-0,6
30/08/2011;-1,1;-0,6
31/08/2011;-1,1;-0,6
01/09/2011;-1,1;-0,6
02/09/2011;-1,1;-0,6
03/09/2011;-1,1;-0,6
04/09/2011;-1,1;-0,6
05/09/2011;-1,1;-0,6
06/09/2011;-1,1;-0,6
07/09/2011;-1,1;-0,6
08/09/2011;-1,1;-0,6
09/09/2011;-1,1;-0,6
10/09/2011;-1,1;-0,6
11/09/2011;-1,1;-0,6
12/09/2011;-1,1;-0,6
13/09/2011;-1,1;-0,6
14/09/2011;-1,1;-0,6
15/09/2011;-1,1;-0,6
16/09/2011;-1,1;-0,6
17/09/2011;-1,1;-0,6
18/09/2011;-1,1;-0,6
19/09/2011;-1,1;-0,6
20/09/2011;-1,1;-0,6
21/09/2011;-1,1;-0,6
22/09/2011;-1,1;-0,6
23/09/2011;-1,1;-0,6
24/09/2011;-1,1;-0,6
25/09/2011;-1,1;-0,6
26/09/2011;-1,1;-0,6
27/09/2011;-1,1;-0,6
28/09/2011;-1,1;-0,6
29/09/2011;-1,1;-0,6
30/09/2011;-1,1;-0,6
01/10/2011;-1,8;-0,6
02/10/2011;-1,8;-0,6
03/10/2011;-1,8;-0,6
04/10/2011;-1,8;-0,6
05/10/2011;-1,8;-0,6
06/10/2011;-1,8;-0,6
07/10/2011;-1,8;-0,6
08/10/2011;-1,8;-0,6
09/10/2011;-1,8;-0,6
10/10/2011;-1,8;-0,6
11/10/2011;-1,8;-0,6
12/10/2011;-1,8;-0,6
13/10/2011;-1,8;-0,6
14/10/2011;-1,8;-0,6
15/10/2011;-1,8;-0,6
16/10/2011;-1,8;-0,6
17/10/2011;-1,8;-0,6
18/10/2011;-1,8;-0,6
19/10/2011;-1,8;-0,6
20/10/2011;-1,8;-0,6
21/10/2011;-1,8;-0,6
22/10/2011;-1,8;-0,6
23/10/2011;-1,8;-0,6
24/10/2011;-1,8;-0,6
25/10/2011;-1,8;-0,6
26/10/2011;-1,8;-0,6
27/10/2011;-1,8;-0,6
28/10/2011;-1,8;-0,6
29/10/2011;-1,8;-0,6
30/10/2011;-1,8;-0,6
31/10/2011;-1,8;-0,6
01/11/2011;-1,8;-0,6
02/11/2011;-1,8;-0,6
03/11/2011;-1,8;-0,6
04/11/2011;-1,8;-0,6
05/11/2011;-1,8;-0,6
06/11/2011;-1,8;-0,6
07/11/2011;-1,8;-0,6
08/11/2011;-1,8;-0,6
09/11/2011;-1,8;-0,6
10/11/2011;-1,8;-0,6
11/11/2011;-1,8;-0,6
12/11/2011;-1,8;-0,6
13/11/2011;-1,8;-0,6
14/11/2011;-1,8;-0,6
15/11/2011;-1,8;-0,6
16/11/2011;-1,8;-0,6
17/11/2011;-1,8;-0,6
18/11/2011;-1,8;-0,6
19/11/2011;-1,8;-0,6
20/11/2011;-1,8;-0,6
21/11/2011;-1,8;-0,6
22/11/2011;-1,8;-0,6
23/11/2011;-1,8;-0,6
24/11/2011;-1,8;-0,6
25/11/2011;-1,8;-0,6
26/11/2011;-1,8;-0,6
27/11/2011;-1,8;-0,6
28/11/2011;-1,8;-0,6
29/11/2011;-1,8;-0,6
30/11/2011;-1,8;-0,6
01/12/2011;-1,8;-0,6
02/12/2011;-1,8;-0,6
03/12/2011;-1,8;-0,6
04/12/2011;-1,8;-0,6
05/12/2011;-1,8;-0,6
06/12/2011;-1,8;-0,6
07/12/2011;-1,8;-0,6
08/12/2011;-1,8;-0,6
09/12/2011;-1,8;-0,6
10/12/2011;-1,8;-0,6
11/12/2011;-1,8;-0,6
12/12/2011;-1,8;-0,6
13/12/2011;-1,8;-0,6
14/12/2011;-1,8;-0,6
15/12/2011;-1,8;-0,6
16/12/2011;-1,8;-0,6
17/12/2011;-1,8;-0,6
18/12/2011;-1,8;-0,6
19/12/2011;-1,8;-0,6
20/12/2011;-1,8;-0,6
21/12/2011;-1,8;-0,6
22/12/2011;-1,8;-0,6
23/12/2011;-1,8;-0,6
24/12/2011;-1,8;-0,6
25/12/2011;-1,8;-0,6
26/12/2011;-1,8;-0,6
27/12/2011;-1,8;-0,6
28/12/2011;-1,8;-0,6
29/12/2011;-1,8;-0,6
30/12/2011;-1,8;-0,6
31/12/2011;-1,8;-0,6
01/01/2012;-2,5;-0,9
02/01/2012;-2,5;-0,9
03/01/2012;-2,5;-0,9
04/01/2012;-2,5;-0,9
05/01/2012;-2,5;-0,9
06/01/2012;-2,5;-0,9
07/01/2012;-2,5;-0,9
08/01/2012;-2,5;-0,9
09/01/2012;-2,5;-0,9
10/01/2012;-2,5;-0,9
11/01/2012;-2,5;-0,9
12/01/2012;-2,5;-0,9
13/01/2012;-2,5;-0,9
14/01/2012;-2,5;-0,9
15/01/2012;-2,5;-0,9
16/01/2012;-2,5;-0,9
17/01/2012;-2,5;-0,9
18/01/2012;-2,5;-0,9
19/01/2012;-2,5;-0,9
20/01/2012;-2,5;-0,9
21/01/2012;-2,5;-0,9
22/01/2012;-2,5;-0,9
23/01/2012;-2,5;-0,9
24/01/2012;-2,5;-0,9
25/01/2012;-2,5;-0,9
26/01/2012;-2,5;-0,9
27/01/2012;-2,5;-0,9
28/01/2012;-2,5;-0,9
29/01/2012;-2,5;-0,9
30/01/2012;-2,5;-0,9
31/01/2012;-2,5;-0,9
01/02/2012;-2,5;-0,9
02/02/2012;-2,5;-0,9
03/02/2012;-2,5;-0,9
04/02/2012;-2,5;-0,9
05/02/2012;-2,5;-0,9
06/02/2012;-2,5;-0,9
07/02/2012;-2,5;-0,9
08/02/2012;-2,5;-0,9
09/02/2012;-2,5;-0,9
10/02/2012;-2,5;-0,9
11/02/2012;-2,5;-0,9
12/02/2012;-2,5;-0,9
13/02/2012;-2,5;-0,9
14/02/2012;-2,5;-0,9
15/02/2012;-2,5;-0,9
16/02/2012;-2,5;-0,9
17/02/2012;-2,5;-0,9
18/02/2012;-2,5;-0,9
19/02/2012;-2,5;-0,9
20/02/2012;-2,5;-0,9
21/02/2012;-2,5;-0,9
22/02/2012;-2,5;-0,9
23/02/2012;-2,5;-0,9
24/02/2012;-2,5;-0,9
25/02/2012;-2,5;-0,9
26/02/2012;-2,5;-0,9
27/02/2012;-2,5;-0,9
28/02/2012;-2,5;-0,9
29/02/2012;-2,5;-0,9
01/03/2012;-2,5;-0,9
02/03/2012;-2,5;-0,9
03/03/2012;-2,5;-0,9
04/03/2012;-2,5;-0,9
05/03/2012;-2,5;-0,9
06/03/2012;-2,5;-0,9
07/03/2012;-2,5;-0,9
08/03/2012;-2,5;-0,9
09/03/2012;-2,5;-0,9
10/03/2012;-2,5;-0,9
11/03/2012;-2,5;-0,9
12/03/2012;-2,5;-0,9
13/03/2012;-2,5;-0,9
14/03/2012;-2,5;-0,9
15/03/2012;-2,5;-0,9
16/03/2012;-2,5;-0,9
17/03/2012;-2,5;-0,9
18/03/2012;-2,5;-0,9
19/03/2012;-2,5;-0,9
20/03/2012;-2,5;-0,9
21/03/2012;-2,5;-0,9
22/03/2012;-2,5;-0,9
23/03/2012;-2,5;-0,9
24/03/2012;-2,5;-0,9
25/03/2012;-2,5;-0,9
26/03/2012;-2,5;-0,9
27/03/2012;-2,5;-0,9
28/03/2012;-2,5;-0,9
29/03/2012;-2,5;-0,9
30/03/2012;-2,5;-0,9
31/03/2012;-2,5;-0,9
01/04/2012;-3,2;-1
02/04/2012;-3,2;-1
03/04/2012;-3,2;-1
04/04/2012;-3,2;-1
05/04/2012;-3,2;-1
06/04/2012;-3,2;-1
07/04/2012;-3,2;-1
08/04/2012;-3,2;-1
09/04/2012;-3,2;-1
10/04/2012;-3,2;-1
11/04/2012;-3,2;-1
12/04/2012;-3,2;-1
13/04/2012;-3,2;-1
14/04/2012;-3,2;-1
15/04/2012;-3,2;-1
16/04/2012;-3,2;-1
17/04/2012;-3,2;-1
18/04/2012;-3,2;-1
19/04/2012;-3,2;-1
20/04/2012;-3,2;-1
21/04/2012;-3,2;-1
22/04/2012;-3,2;-1
23/04/2012;-3,2;-1
24/04/2012;-3,2;-1
25/04/2012;-3,2;-1
26/04/2012;-3,2;-1
27/04/2012;-3,2;-1
28/04/2012;-3,2;-1
29/04/2012;-3,2;-1
30/04/2012;-3,2;-1
01/05/2012;-3,2;-1
02/05/2012;-3,2;-1
03/05/2012;-3,2;-1
04/05/2012;-3,2;-1
05/05/2012;-3,2;-1
06/05/2012;-3,2;-1
07/05/2012;-3,2;-1
08/05/2012;-3,2;-1
09/05/2012;-3,2;-1
10/05/2012;-3,2;-1
11/05/2012;-3,2;-1
12/05/2012;-3,2;-1
13/05/2012;-3,2;-1
14/05/2012;-3,2;-1
15/05/2012;-3,2;-1
16/05/2012;-3,2;-1
17/05/2012;-3,2;-1
18/05/2012;-3,2;-1
19/05/2012;-3,2;-1
20/05/2012;-3,2;-1
21/05/2012;-3,2;-1
22/05/2012;-3,2;-1
23/05/2012;-3,2;-1
24/05/2012;-3,2;-1
25/05/2012;-3,2;-1
26/05/2012;-3,2;-1
27/05/2012;-3,2;-1
28/05/2012;-3,2;-1
29/05/2012;-3,2;-1
30/05/2012;-3,2;-1
31/05/2012;-3,2;-1
01/06/2012;-3,2;-1
02/06/2012;-3,2;-1
03/06/2012;-3,2;-1
04/06/2012;-3,2;-1
05/06/2012;-3,2;-1
06/06/2012;-3,2;-1
07/06/2012;-3,2;-1
08/06/2012;-3,2;-1
09/06/2012;-3,2;-1
10/06/2012;-3,2;-1
11/06/2012;-3,2;-1
12/06/2012;-3,2;-1
13/06/2012;-3,2;-1
14/06/2012;-3,2;-1
15/06/2012;-3,2;-1
16/06/2012;-3,2;-1
17/06/2012;-3,2;-1
18/06/2012;-3,2;-1
19/06/2012;-3,2;-1
20/06/2012;-3,2;-1
21/06/2012;-3,2;-1
22/06/2012;-3,2;-1
23/06/2012;-3,2;-1
24/06/2012;-3,2;-1
25/06/2012;-3,2;-1
26/06/2012;-3,2;-1
27/06/2012;-3,2;-1
28/06/2012;-3,2;-1
29/06/2012;-3,2;-1
30/06/2012;-3,2;-1
01/07/2012;-3;-0,5
02/07/2012;-3;-0,5
03/07/2012;-3;-0,5
04/07/2012;-3;-0,5
05/07/2012;-3;-0,5
06/07/2012;-3;-0,5
07/07/2012;-3;-0,5
08/07/2012;-3;-0,5
09/07/2012;-3;-0,5
10/07/2012;-3;-0,5
11/07/2012;-3;-0,5
12/07/2012;-3;-0,5
13/07/2012;-3;-0,5
14/07/2012;-3;-0,5
15/07/2012;-3;-0,5
16/07/2012;-3;-0,5
17/07/2012;-3;-0,5
18/07/2012;-3;-0,5
19/07/2012;-3;-0,5
20/07/2012;-3;-0,5
21/07/2012;-3;-0,5
22/07/2012;-3;-0,5
23/07/2012;-3;-0,5
24/07/2012;-3;-0,5
25/07/2012;-3;-0,5
26/07/2012;-3;-0,5
27/07/2012;-3;-0,5
28/07/2012;-3;-0,5
29/07/2012;-3;-0,5
30/07/2012;-3;-0,5
31/07/2012;-3;-0,5
01/08/2012;-3;-0,5
02/08/2012;-3;-0,5
03/08/2012;-3;-0,5
04/08/2012;-3;-0,5
05/08/2012;-3;-0,5
06/08/2012;-3;-0,5
07/08/2012;-3;-0,5
08/08/2012;-3;-0,5
09/08/2012;-3;-0,5
10/08/2012;-3;-0,5
11/08/2012;-3;-0,5
12/08/2012;-3;-0,5
13/08/2012;-3;-0,5
14/08/2012;-3;-0,5
15/08/2012;-3;-0,5
16/08/2012;-3;-0,5
17/08/2012;-3;-0,5
18/08/2012;-3;-0,5
19/08/2012;-3;-0,5
20/08/2012;-3;-0,5
21/08/2012;-3;-0,5
22/08/2012;-3;-0,5
23/08/2012;-3;-0,5
24/08/2012;-3;-0,5
25/08/2012;-3;-0,5
26/08/2012;-3;-0,5
27/08/2012;-3;-0,5
28/08/2012;-3;-0,5
29/08/2012;-3;-0,5
30/08/2012;-3;-0,5
31/08/2012;-3;-0,5
01/09/2012;-3;-0,5
02/09/2012;-3;-0,5
03/09/2012;-3;-0,5
04/09/2012;-3;-0,5
05/09/2012;-3;-0,5
06/09/2012;-3;-0,5
07/09/2012;-3;-0,5
08/09/2012;-3;-0,5
09/09/2012;-3;-0,5
10/09/2012;-3;-0,5
11/09/2012;-3;-0,5
12/09/2012;-3;-0,5
13/09/2012;-3;-0,5
14/09/2012;-3;-0,5
15/09/2012;-3;-0,5
16/09/2012;-3;-0,5
17/09/2012;-3;-0,5
18/09/2012;-3;-0,5
19/09/2012;-3;-0,5
20/09/2012;-3;-0,5
21/09/2012;-3;-0,5
22/09/2012;-3;-0,5
23/09/2012;-3;-0,5
24/09/2012;-3;-0,5
25/09/2012;-3;-0,5
26/09/2012;-3;-0,5
27/09/2012;-3;-0,5
28/09/2012;-3;-0,5
29/09/2012;-3;-0,5
30/09/2012;-3;-0,5
01/10/2012;-3,1;-0,8
02/10/2012;-3,1;-0,8
03/10/2012;-3,1;-0,8
04/10/2012;-3,1;-0,8
05/10/2012;-3,1;-0,8
06/10/2012;-3,1;-0,8
07/10/2012;-3,1;-0,8
08/10/2012;-3,1;-0,8
09/10/2012;-3,1;-0,8
10/10/2012;-3,1;-0,8
11/10/2012;-3,1;-0,8
12/10/2012;-3,1;-0,8
13/10/2012;-3,1;-0,8
14/10/2012;-3,1;-0,8
15/10/2012;-3,1;-0,8
16/10/2012;-3,1;-0,8
17/10/2012;-3,1;-0,8
18/10/2012;-3,1;-0,8
19/10/2012;-3,1;-0,8
20/10/2012;-3,1;-0,8
21/10/2012;-3,1;-0,8
22/10/2012;-3,1;-0,8
23/10/2012;-3,1;-0,8
24/10/2012;-3,1;-0,8
25/10/2012;-3,1;-0,8
26/10/2012;-3,1;-0,8
27/10/2012;-3,1;-0,8
28/10/2012;-3,1;-0,8
29/10/2012;-3,1;-0,8
30/10/2012;-3,1;-0,8
31/10/2012;-3,1;-0,8
01/11/2012;-3,1;-0,8
02/11/2012;-3,1;-0,8
03/11/2012;-3,1;-0,8
04/11/2012;-3,1;-0,8
05/11/2012;-3,1;-0,8
06/11/2012;-3,1;-0,8
07/11/2012;-3,1;-0,8
08/11/2012;-3,1;-0,8
09/11/2012;-3,1;-0,8
10/11/2012;-3,1;-0,8
11/11/2012;-3,1;-0,8
12/11/2012;-3,1;-0,8
13/11/2012;-3,1;-0,8
14/11/2012;-3,1;-0,8
15/11/2012;-3,1;-0,8
16/11/2012;-3,1;-0,8
17/11/2012;-3,1;-0,8
18/11/2012;-3,1;-0,8
19/11/2012;-3,1;-0,8
20/11/2012;-3,1;-0,8
21/11/2012;-3,1;-0,8
22/11/2012;-3,1;-0,8
23/11/2012;-3,1;-0,8
24/11/2012;-3,1;-0,8
25/11/2012;-3,1;-0,8
26/11/2012;-3,1;-0,8
27/11/2012;-3,1;-0,8
28/11/2012;-3,1;-0,8
29/11/2012;-3,1;-0,8
30/11/2012;-3,1;-0,8
01/12/2012;-3,1;-0,8
02/12/2012;-3,1;-0,8
03/12/2012;-3,1;-0,8
04/12/2012;-3,1;-0,8
05/12/2012;-3,1;-0,8
06/12/2012;-3,1;-0,8
07/12/2012;-3,1;-0,8
08/12/2012;-3,1;-0,8
09/12/2012;-3,1;-0,8
10/12/2012;-3,1;-0,8
11/12/2012;-3,1;-0,8
12/12/2012;-3,1;-0,8
13/12/2012;-3,1;-0,8
14/12/2012;-3,1;-0,8
15/12/2012;-3,1;-0,8
16/12/2012;-3,1;-0,8
17/12/2012;-3,1;-0,8
18/12/2012;-3,1;-0,8
19/12/2012;-3,1;-0,8
20/12/2012;-3,1;-0,8
21/12/2012;-3,1;-0,8
22/12/2012;-3,1;-0,8
23/12/2012;-3,1;-0,8
24/12/2012;-3,1;-0,8
25/12/2012;-3,1;-0,8
26/12/2012;-3,1;-0,8
27/12/2012;-3,1;-0,8
28/12/2012;-3,1;-0,8
29/12/2012;-3,1;-0,8
30/12/2012;-3,1;-0,8
31/12/2012;-3,1;-0,8
01/01/2013;-2,5;-0,3
02/01/2013;-2,5;-0,3
03/01/2013;-2,5;-0,3
04/01/2013;-2,5;-0,3
05/01/2013;-2,5;-0,3
06/01/2013;-2,5;-0,3
07/01/2013;-2,5;-0,3
08/01/2013;-2,5;-0,3
09/01/2013;-2,5;-0,3
10/01/2013;-2,5;-0,3
11/01/2013;-2,5;-0,3
12/01/2013;-2,5;-0,3
13/01/2013;-2,5;-0,3
14/01/2013;-2,5;-0,3
15/01/2013;-2,5;-0,3
16/01/2013;-2,5;-0,3
17/01/2013;-2,5;-0,3
18/01/2013;-2,5;-0,3
19/01/2013;-2,5;-0,3
20/01/2013;-2,5;-0,3
21/01/2013;-2,5;-0,3
22/01/2013;-2,5;-0,3
23/01/2013;-2,5;-0,3
24/01/2013;-2,5;-0,3
25/01/2013;-2,5;-0,3
26/01/2013;-2,5;-0,3
27/01/2013;-2,5;-0,3
28/01/2013;-2,5;-0,3
29/01/2013;-2,5;-0,3
30/01/2013;-2,5;-0,3
31/01/2013;-2,5;-0,3
01/02/2013;-2,5;-0,3
02/02/2013;-2,5;-0,3
03/02/2013;-2,5;-0,3
04/02/2013;-2,5;-0,3
05/02/2013;-2,5;-0,3
06/02/2013;-2,5;-0,3
07/02/2013;-2,5;-0,3
08/02/2013;-2,5;-0,3
09/02/2013;-2,5;-0,3
10/02/2013;-2,5;-0,3
11/02/2013;-2,5;-0,3
12/02/2013;-2,5;-0,3
13/02/2013;-2,5;-0,3
14/02/2013;-2,5;-0,3
15/02/2013;-2,5;-0,3
16/02/2013;-2,5;-0,3
17/02/2013;-2,5;-0,3
18/02/2013;-2,5;-0,3
19/02/2013;-2,5;-0,3
20/02/2013;-2,5;-0,3
21/02/2013;-2,5;-0,3
22/02/2013;-2,5;-0,3
23/02/2013;-2,5;-0,3
24/02/2013;-2,5;-0,3
25/02/2013;-2,5;-0,3
26/02/2013;-2,5;-0,3
27/02/2013;-2,5;-0,3
28/02/2013;-2,5;-0,3
01/03/2013;-2,5;-0,3
02/03/2013;-2,5;-0,3
03/03/2013;-2,5;-0,3
04/03/2013;-2,5;-0,3
05/03/2013;-2,5;-0,3
06/03/2013;-2,5;-0,3
07/03/2013;-2,5;-0,3
08/03/2013;-2,5;-0,3
09/03/2013;-2,5;-0,3
10/03/2013;-2,5;-0,3
11/03/2013;-2,5;-0,3
12/03/2013;-2,5;-0,3
13/03/2013;-2,5;-0,3
14/03/2013;-2,5;-0,3
15/03/2013;-2,5;-0,3
16/03/2013;-2,5;-0,3
17/03/2013;-2,5;-0,3
18/03/2013;-2,5;-0,3
19/03/2013;-2,5;-0,3
20/03/2013;-2,5;-0,3
21/03/2013;-2,5;-0,3
22/03/2013;-2,5;-0,3
23/03/2013;-2,5;-0,3
24/03/2013;-2,5;-0,3
25/03/2013;-2,5;-0,3
26/03/2013;-2,5;-0,3
27/03/2013;-2,5;-0,3
28/03/2013;-2,5;-0,3
29/03/2013;-2,5;-0,3
30/03/2013;-2,5;-0,3
31/03/2013;-2,5;-0,3
01/04/2013;-1,7;-0,1
02/04/2013;-1,7;-0,1
03/04/2013;-1,7;-0,1
04/04/2013;-1,7;-0,1
05/04/2013;-1,7;-0,1
06/04/2013;-1,7;-0,1
07/04/2013;-1,7;-0,1
08/04/2013;-1,7;-0,1
09/04/2013;-1,7;-0,1
10/04/2013;-1,7;-0,1
11/04/2013;-1,7;-0,1
12/04/2013;-1,7;-0,1
13/04/2013;-1,7;-0,1
14/04/2013;-1,7;-0,1
15/04/2013;-1,7;-0,1
16/04/2013;-1,7;-0,1
17/04/2013;-1,7;-0,1
18/04/2013;-1,7;-0,1
19/04/2013;-1,7;-0,1
20/04/2013;-1,7;-0,1
21/04/2013;-1,7;-0,1
22/04/2013;-1,7;-0,1
23/04/2013;-1,7;-0,1
24/04/2013;-1,7;-0,1
25/04/2013;-1,7;-0,1
26/04/2013;-1,7;-0,1
27/04/2013;-1,7;-0,1
28/04/2013;-1,7;-0,1
29/04/2013;-1,7;-0,1
30/04/2013;-1,7;-0,1
01/05/2013;-1,7;-0,1
02/05/2013;-1,7;-0,1
03/05/2013;-1,7;-0,1
04/05/2013;-1,7;-0,1
05/05/2013;-1,7;-0,1
06/05/2013;-1,7;-0,1
07/05/2013;-1,7;-0,1
08/05/2013;-1,7;-0,1
09/05/2013;-1,7;-0,1
10/05/2013;-1,7;-0,1
11/05/2013;-1,7;-0,1
12/05/2013;-1,7;-0,1
13/05/2013;-1,7;-0,1
14/05/2013;-1,7;-0,1
15/05/2013;-1,7;-0,1
16/05/2013;-1,7;-0,1
17/05/2013;-1,7;-0,1
18/05/2013;-1,7;-0,1
19/05/2013;-1,7;-0,1
20/05/2013;-1,7;-0,1
21/05/2013;-1,7;-0,1
22/05/2013;-1,7;-0,1
23/05/2013;-1,7;-0,1
24/05/2013;-1,7;-0,1
25/05/2013;-1,7;-0,1
26/05/2013;-1,7;-0,1
27/05/2013;-1,7;-0,1
28/05/2013;-1,7;-0,1
29/05/2013;-1,7;-0,1
30/05/2013;-1,7;-0,1
31/05/2013;-1,7;-0,1
01/06/2013;-1,7;-0,1
02/06/2013;-1,7;-0,1
03/06/2013;-1,7;-0,1
04/06/2013;-1,7;-0,1
05/06/2013;-1,7;-0,1
06/06/2013;-1,7;-0,1
07/06/2013;-1,7;-0,1
08/06/2013;-1,7;-0,1
09/06/2013;-1,7;-0,1
10/06/2013;-1,7;-0,1
11/06/2013;-1,7;-0,1
12/06/2013;-1,7;-0,1
13/06/2013;-1,7;-0,1
14/06/2013;-1,7;-0,1
15/06/2013;-1,7;-0,1
16/06/2013;-1,7;-0,1
17/06/2013;-1,7;-0,1
18/06/2013;-1,7;-0,1
19/06/2013;-1,7;-0,1
20/06/2013;-1,7;-0,1
21/06/2013;-1,7;-0,1
22/06/2013;-1,7;-0,1
23/06/2013;-1,7;-0,1
24/06/2013;-1,7;-0,1
25/06/2013;-1,7;-0,1
26/06/2013;-1,7;-0,1
27/06/2013;-1,7;-0,1
28/06/2013;-1,7;-0,1
29/06/2013;-1,7;-0,1
30/06/2013;-1,7;-0,1
01/07/2013;-1,2;-0,1
02/07/2013;-1,2;-0,1
03/07/2013;-1,2;-0,1
04/07/2013;-1,2;-0,1
05/07/2013;-1,2;-0,1
06/07/2013;-1,2;-0,1
07/07/2013;-1,2;-0,1
08/07/2013;-1,2;-0,1
09/07/2013;-1,2;-0,1
10/07/2013;-1,2;-0,1
11/07/2013;-1,2;-0,1
12/07/2013;-1,2;-0,1
13/07/2013;-1,2;-0,1
14/07/2013;-1,2;-0,1
15/07/2013;-1,2;-0,1
16/07/2013;-1,2;-0,1
17/07/2013;-1,2;-0,1
18/07/2013;-1,2;-0,1
19/07/2013;-1,2;-0,1
20/07/2013;-1,2;-0,1
21/07/2013;-1,2;-0,1
22/07/2013;-1,2;-0,1
23/07/2013;-1,2;-0,1
24/07/2013;-1,2;-0,1
25/07/2013;-1,2;-0,1
26/07/2013;-1,2;-0,1
27/07/2013;-1,2;-0,1
28/07/2013;-1,2;-0,1
29/07/2013;-1,2;-0,1
30/07/2013;-1,2;-0,1
31/07/2013;-1,2;-0,1
01/08/2013;-1,2;-0,1
02/08/2013;-1,2;-0,1
03/08/2013;-1,2;-0,1
04/08/2013;-1,2;-0,1
05/08/2013;-1,2;-0,1
06/08/2013;-1,2;-0,1
07/08/2013;-1,2;-0,1
08/08/2013;-1,2;-0,1
09/08/2013;-1,2;-0,1
10/08/2013;-1,2;-0,1
11/08/2013;-1,2;-0,1
12/08/2013;-1,2;-0,1
13/08/2013;-1,2;-0,1
14/08/2013;-1,2;-0,1
15/08/2013;-1,2;-0,1
16/08/2013;-1,2;-0,1
17/08/2013;-1,2;-0,1
18/08/2013;-1,2;-0,1
19/08/2013;-1,2;-0,1
20/08/2013;-1,2;-0,1
21/08/2013;-1,2;-0,1
22/08/2013;-1,2;-0,1
23/08/2013;-1,2;-0,1
24/08/2013;-1,2;-0,1
25/08/2013;-1,2;-0,1
26/08/2013;-1,2;-0,1
27/08/2013;-1,2;-0,1
28/08/2013;-1,2;-0,1
29/08/2013;-1,2;-0,1
30/08/2013;-1,2;-0,1
31/08/2013;-1,2;-0,1
01/09/2013;-1,2;-0,1
02/09/2013;-1,2;-0,1
03/09/2013;-1,2;-0,1
04/09/2013;-1,2;-0,1
05/09/2013;-1,2;-0,1
06/09/2013;-1,2;-0,1
07/09/2013;-1,2;-0,1
08/09/2013;-1,2;-0,1
09/09/2013;-1,2;-0,1
10/09/2013;-1,2;-0,1
11/09/2013;-1,2;-0,1
12/09/2013;-1,2;-0,1
13/09/2013;-1,2;-0,1
14/09/2013;-1,2;-0,1
15/09/2013;-1,2;-0,1
16/09/2013;-1,2;-0,1
17/09/2013;-1,2;-0,1
18/09/2013;-1,2;-0,1
19/09/2013;-1,2;-0,1
20/09/2013;-1,2;-0,1
21/09/2013;-1,2;-0,1
22/09/2013;-1,2;-0,1
23/09/2013;-1,2;-0,1
24/09/2013;-1,2;-0,1
25/09/2013;-1,2;-0,1
26/09/2013;-1,2;-0,1
27/09/2013;-1,2;-0,1
28/09/2013;-1,2;-0,1
29/09/2013;-1,2;-0,1
30/09/2013;-1,2;-0,1
01/10/2013;-0,3;0,2
02/10/2013;-0,3;0,2
03/10/2013;-0,3;0,2
04/10/2013;-0,3;0,2
05/10/2013;-0,3;0,2
06/10/2013;-0,3;0,2
07/10/2013;-0,3;0,2
08/10/2013;-0,3;0,2
09/10/2013;-0,3;0,2
10/10/2013;-0,3;0,2
11/10/2013;-0,3;0,2
12/10/2013;-0,3;0,2
13/10/2013;-0,3;0,2
14/10/2013;-0,3;0,2
15/10/2013;-0,3;0,2
16/10/2013;-0,3;0,2
17/10/2013;-0,3;0,2
18/10/2013;-0,3;0,2
19/10/2013;-0,3;0,2
20/10/2013;-0,3;0,2
21/10/2013;-0,3;0,2
22/10/2013;-0,3;0,2
23/10/2013;-0,3;0,2
24/10/2013;-0,3;0,2
25/10/2013;-0,3;0,2
26/10/2013;-0,3;0,2
27/10/2013;-0,3;0,2
28/10/2013;-0,3;0,2
29/10/2013;-0,3;0,2
30/10/2013;-0,3;0,2
31/10/2013;-0,3;0,2
01/11/2013;-0,3;0,2
02/11/2013;-0,3;0,2
03/11/2013;-0,3;0,2
04/11/2013;-0,3;0,2
05/11/2013;-0,3;0,2
06/11/2013;-0,3;0,2
07/11/2013;-0,3;0,2
08/11/2013;-0,3;0,2
09/11/2013;-0,3;0,2
10/11/2013;-0,3;0,2
11/11/2013;-0,3;0,2
12/11/2013;-0,3;0,2
13/11/2013;-0,3;0,2
14/11/2013;-0,3;0,2
15/11/2013;-0,3;0,2
16/11/2013;-0,3;0,2
17/11/2013;-0,3;0,2
18/11/2013;-0,3;0,2
19/11/2013;-0,3;0,2
20/11/2013;-0,3;0,2
21/11/2013;-0,3;0,2
22/11/2013;-0,3;0,2
23/11/2013;-0,3;0,2
24/11/2013;-0,3;0,2
25/11/2013;-0,3;0,2
26/11/2013;-0,3;0,2
27/11/2013;-0,3;0,2
28/11/2013;-0,3;0,2
29/11/2013;-0,3;0,2
30/11/2013;-0,3;0,2
01/12/2013;-0,3;0,2
02/12/2013;-0,3;0,2
03/12/2013;-0,3;0,2
04/12/2013;-0,3;0,2
05/12/2013;-0,3;0,2
06/12/2013;-0,3;0,2
07/12/2013;-0,3;0,2
08/12/2013;-0,3;0,2
09/12/2013;-0,3;0,2
10/12/2013;-0,3;0,2
11/12/2013;-0,3;0,2
12/12/2013;-0,3;0,2
13/12/2013;-0,3;0,2
14/12/2013;-0,3;0,2
15/12/2013;-0,3;0,2
16/12/2013;-0,3;0,2
17/12/2013;-0,3;0,2
18/12/2013;-0,3;0,2
19/12/2013;-0,3;0,2
20/12/2013;-0,3;0,2
21/12/2013;-0,3;0,2
22/12/2013;-0,3;0,2
23/12/2013;-0,3;0,2
24/12/2013;-0,3;0,2
25/12/2013;-0,3;0,2
26/12/2013;-0,3;0,2
27/12/2013;-0,3;0,2
28/12/2013;-0,3;0,2
29/12/2013;-0,3;0,2
30/12/2013;-0,3;0,2
31/12/2013;-0,3;0,2
01/01/2014;0,4;0,4
02/01/2014;0,4;0,4
03/01/2014;0,4;0,4
04/01/2014;0,4;0,4
05/01/2014;0,4;0,4
06/01/2014;0,4;0,4
07/01/2014;0,4;0,4
08/01/2014;0,4;0,4
09/01/2014;0,4;0,4
10/01/2014;0,4;0,4
11/01/2014;0,4;0,4
12/01/2014;0,4;0,4
13/01/2014;0,4;0,4
14/01/2014;0,4;0,4
15/01/2014;0,4;0,4
16/01/2014;0,4;0,4
17/01/2014;0,4;0,4
18/01/2014;0,4;0,4
19/01/2014;0,4;0,4
20/01/2014;0,4;0,4
21/01/2014;0,4;0,4
22/01/2014;0,4;0,4
23/01/2014;0,4;0,4
24/01/2014;0,4;0,4
25/01/2014;0,4;0,4
26/01/2014;0,4;0,4
27/01/2014;0,4;0,4
28/01/2014;0,4;0,4
29/01/2014;0,4;0,4
30/01/2014;0,4;0,4
31/01/2014;0,4;0,4
01/02/2014;0,4;0,4
02/02/2014;0,4;0,4
03/02/2014;0,4;0,4
04/02/2014;0,4;0,4
05/02/2014;0,4;0,4
06/02/2014;0,4;0,4
07/02/2014;0,4;0,4
08/02/2014;0,4;0,4
09/02/2014;0,4;0,4
10/02/2014;0,4;0,4
11/02/2014;0,4;0,4
12/02/2014;0,4;0,4
13/02/2014;0,4;0,4
14/02/2014;0,4;0,4
15/02/2014;0,4;0,4
16/02/2014;0,4;0,4
17/02/2014;0,4;0,4
18/02/2014;0,4;0,4
19/02/2014;0,4;0,4
20/02/2014;0,4;0,4
21/02/2014;0,4;0,4
22/02/2014;0,4;0,4
23/02/2014;0,4;0,4
24/02/2014;0,4;0,4
25/02/2014;0,4;0,4
26/02/2014;0,4;0,4
27/02/2014;0,4;0,4
28/02/2014;0,4;0,4
01/03/2014;0,4;0,4
02/03/2014;0,4;0,4
03/03/2014;0,4;0,4
04/03/2014;0,4;0,4
05/03/2014;0,4;0,4
06/03/2014;0,4;0,4
07/03/2014;0,4;0,4
08/03/2014;0,4;0,4
09/03/2014;0,4;0,4
10/03/2014;0,4;0,4
11/03/2014;0,4;0,4
12/03/2014;0,4;0,4
13/03/2014;0,4;0,4
14/03/2014;0,4;0,4
15/03/2014;0,4;0,4
16/03/2014;0,4;0,4
17/03/2014;0,4;0,4
18/03/2014;0,4;0,4
19/03/2014;0,4;0,4
20/03/2014;0,4;0,4
21/03/2014;0,4;0,4
22/03/2014;0,4;0,4
23/03/2014;0,4;0,4
24/03/2014;0,4;0,4
25/03/2014;0,4;0,4
26/03/2014;0,4;0,4
27/03/2014;0,4;0,4
28/03/2014;0,4;0,4
29/03/2014;0,4;0,4
30/03/2014;0,4;0,4
31/03/2014;0,4;0,4
01/04/2014;0,9;0,5
02/04/2014;0,9;0,5
03/04/2014;0,9;0,5
04/04/2014;0,9;0,5
05/04/2014;0,9;0,5
06/04/2014;0,9;0,5
07/04/2014;0,9;0,5
08/04/2014;0,9;0,5
09/04/2014;0,9;0,5
10/04/2014;0,9;0,5
11/04/2014;0,9;0,5
12/04/2014;0,9;0,5
13/04/2014;0,9;0,5
14/04/2014;0,9;0,5
15/04/2014;0,9;0,5
16/04/2014;0,9;0,5
17/04/2014;0,9;0,5
18/04/2014;0,9;0,5
19/04/2014;0,9;0,5
20/04/2014;0,9;0,5
21/04/2014;0,9;0,5
22/04/2014;0,9;0,5
23/04/2014;0,9;0,5
24/04/2014;0,9;0,5
25/04/2014;0,9;0,5
26/04/2014;0,9;0,5
27/04/2014;0,9;0,5
28/04/2014;0,9;0,5
29/04/2014;0,9;0,5
30/04/2014;0,9;0,5
01/05/2014;0,9;0,5
02/05/2014;0,9;0,5
03/05/2014;0,9;0,5
04/05/2014;0,9;0,5
05/05/2014;0,9;0,5
06/05/2014;0,9;0,5
07/05/2014;0,9;0,5
08/05/2014;0,9;0,5
09/05/2014;0,9;0,5
10/05/2014;0,9;0,5
11/05/2014;0,9;0,5
12/05/2014;0,9;0,5
13/05/2014;0,9;0,5
14/05/2014;0,9;0,5
15/05/2014;0,9;0,5
16/05/2014;0,9;0,5
17/05/2014;0,9;0,5
18/05/2014;0,9;0,5
19/05/2014;0,9;0,5
20/05/2014;0,9;0,5
21/05/2014;0,9;0,5
22/05/2014;0,9;0,5
23/05/2014;0,9;0,5
24/05/2014;0,9;0,5
25/05/2014;0,9;0,5
26/05/2014;0,9;0,5
27/05/2014;0,9;0,5
28/05/2014;0,9;0,5
29/05/2014;0,9;0,5
30/05/2014;0,9;0,5
31/05/2014;0,9;0,5
01/06/2014;0,9;0,5
02/06/2014;0,9;0,5
03/06/2014;0,9;0,5
04/06/2014;0,9;0,5
05/06/2014;0,9;0,5
06/06/2014;0,9;0,5
07/06/2014;0,9;0,5
08/06/2014;0,9;0,5
09/06/2014;0,9;0,5
10/06/2014;0,9;0,5
11/06/2014;0,9;0,5
12/06/2014;0,9;0,5
13/06/2014;0,9;0,5
14/06/2014;0,9;0,5
15/06/2014;0,9;0,5
16/06/2014;0,9;0,5
17/06/2014;0,9;0,5
18/06/2014;0,9;0,5
19/06/2014;0,9;0,5
20/06/2014;0,9;0,5
21/06/2014;0,9;0,5
22/06/2014;0,9;0,5
23/06/2014;0,9;0,5
24/06/2014;0,9;0,5
25/06/2014;0,9;0,5
26/06/2014;0,9;0,5
27/06/2014;0,9;0,5
28/06/2014;0,9;0,5
29/06/2014;0,9;0,5
30/06/2014;0,9;0,5
01/07/2014;1,7;0,7
02/07/2014;1,7;0,7
03/07/2014;1,7;0,7
04/07/2014;1,7;0,7
05/07/2014;1,7;0,7
06/07/2014;1,7;0,7
07/07/2014;1,7;0,7
08/07/2014;1,7;0,7
09/07/2014;1,7;0,7
10/07/2014;1,7;0,7
11/07/2014;1,7;0,7
12/07/2014;1,7;0,7
13/07/2014;1,7;0,7
14/07/2014;1,7;0,7
15/07/2014;1,7;0,7
16/07/2014;1,7;0,7
17/07/2014;1,7;0,7
18/07/2014;1,7;0,7
19/07/2014;1,7;0,7
20/07/2014;1,7;0,7
21/07/2014;1,7;0,7
22/07/2014;1,7;0,7
23/07/2014;1,7;0,7
24/07/2014;1,7;0,7
25/07/2014;1,7;0,7
26/07/2014;1,7;0,7
27/07/2014;1,7;0,7
28/07/2014;1,7;0,7
29/07/2014;1,7;0,7
30/07/2014;1,7;0,7
31/07/2014;1,7;0,7
01/08/2014;1,7;0,7
02/08/2014;1,7;0,7
03/08/2014;1,7;0,7
04/08/2014;1,7;0,7
05/08/2014;1,7;0,7
06/08/2014;1,7;0,7
07/08/2014;1,7;0,7
08/08/2014;1,7;0,7
09/08/2014;1,7;0,7
10/08/2014;1,7;0,7
11/08/2014;1,7;0,7
12/08/2014;1,7;0,7
13/08/2014;1,7;0,7
14/08/2014;1,7;0,7
15/08/2014;1,7;0,7
16/08/2014;1,7;0,7
17/08/2014;1,7;0,7
18/08/2014;1,7;0,7
19/08/2014;1,7;0,7
20/08/2014;1,7;0,7
21/08/2014;1,7;0,7
22/08/2014;1,7;0,7
23/08/2014;1,7;0,7
24/08/2014;1,7;0,7
25/08/2014;1,7;0,7
26/08/2014;1,7;0,7
27/08/2014;1,7;0,7
28/08/2014;1,7;0,7
29/08/2014;1,7;0,7
30/08/2014;1,7;0,7
31/08/2014;1,7;0,7
01/09/2014;1,7;0,7
02/09/2014;1,7;0,7
03/09/2014;1,7;0,7
04/09/2014;1,7;0,7
05/09/2014;1,7;0,7
06/09/2014;1,7;0,7
07/09/2014;1,7;0,7
08/09/2014;1,7;0,7
09/09/2014;1,7;0,7
10/09/2014;1,7;0,7
11/09/2014;1,7;0,7
12/09/2014;1,7;0,7
13/09/2014;1,7;0,7
14/09/2014;1,7;0,7
15/09/2014;1,7;0,7
16/09/2014;1,7;0,7
17/09/2014;1,7;0,7
18/09/2014;1,7;0,7
19/09/2014;1,7;0,7
20/09/2014;1,7;0,7
21/09/2014;1,7;0,7
22/09/2014;1,7;0,7
23/09/2014;1,7;0,7
24/09/2014;1,7;0,7
25/09/2014;1,7;0,7
26/09/2014;1,7;0,7
27/09/2014;1,7;0,7
28/09/2014;1,7;0,7
29/09/2014;1,7;0,7
30/09/2014;1,7;0,7
01/10/2014;2,5;0,9
02/10/2014;2,5;0,9
03/10/2014;2,5;0,9
04/10/2014;2,5;0,9
05/10/2014;2,5;0,9
06/10/2014;2,5;0,9
07/10/2014;2,5;0,9
08/10/2014;2,5;0,9
09/10/2014;2,5;0,9
10/10/2014;2,5;0,9
11/10/2014;2,5;0,9
12/10/2014;2,5;0,9
13/10/2014;2,5;0,9
14/10/2014;2,5;0,9
15/10/2014;2,5;0,9
16/10/2014;2,5;0,9
17/10/2014;2,5;0,9
18/10/2014;2,5;0,9
19/10/2014;2,5;0,9
20/10/2014;2,5;0,9
21/10/2014;2,5;0,9
22/10/2014;2,5;0,9
23/10/2014;2,5;0,9
24/10/2014;2,5;0,9
25/10/2014;2,5;0,9
26/10/2014;2,5;0,9
27/10/2014;2,5;0,9
28/10/2014;2,5;0,9
29/10/2014;2,5;0,9
30/10/2014;2,5;0,9
31/10/2014;2,5;0,9
01/11/2014;2,5;0,9
02/11/2014;2,5;0,9
03/11/2014;2,5;0,9
04/11/2014;2,5;0,9
05/11/2014;2,5;0,9
06/11/2014;2,5;0,9
07/11/2014;2,5;0,9
08/11/2014;2,5;0,9
09/11/2014;2,5;0,9
10/11/2014;2,5;0,9
11/11/2014;2,5;0,9
12/11/2014;2,5;0,9
13/11/2014;2,5;0,9
14/11/2014;2,5;0,9
15/11/2014;2,5;0,9
16/11/2014;2,5;0,9
17/11/2014;2,5;0,9
18/11/2014;2,5;0,9
19/11/2014;2,5;0,9
20/11/2014;2,5;0,9
21/11/2014;2,5;0,9
22/11/2014;2,5;0,9
23/11/2014;2,5;0,9
24/11/2014;2,5;0,9
25/11/2014;2,5;0,9
26/11/2014;2,5;0,9
27/11/2014;2,5;0,9
28/11/2014;2,5;0,9
29/11/2014;2,5;0,9
30/11/2014;2,5;0,9
01/12/2014;2,5;0,9
02/12/2014;2,5;0,9
03/12/2014;2,5;0,9
04/12/2014;2,5;0,9
05/12/2014;2,5;0,9
06/12/2014;2,5;0,9
07/12/2014;2,5;0,9
08/12/2014;2,5;0,9
09/12/2014;2,5;0,9
10/12/2014;2,5;0,9
11/12/2014;2,5;0,9
12/12/2014;2,5;0,9
13/12/2014;2,5;0,9
14/12/2014;2,5;0,9
15/12/2014;2,5;0,9
16/12/2014;2,5;0,9
17/12/2014;2,5;0,9
18/12/2014;2,5;0,9
19/12/2014;2,5;0,9
20/12/2014;2,5;0,9
21/12/2014;2,5;0,9
22/12/2014;2,5;0,9
23/12/2014;2,5;0,9
24/12/2014;2,5;0,9
25/12/2014;2,5;0,9
26/12/2014;2,5;0,9
27/12/2014;2,5;0,9
28/12/2014;2,5;0,9
29/12/2014;2,5;0,9
30/12/2014;2,5;0,9
31/12/2014;2,5;0,9
01/01/2015;3,2;1,1
02/01/2015;3,2;1,1
03/01/2015;3,2;1,1
04/01/2015;3,2;1,1
05/01/2015;3,2;1,1
06/01/2015;3,2;1,1
07/01/2015;3,2;1,1
08/01/2015;3,2;1,1
09/01/2015;3,2;1,1
10/01/2015;3,2;1,1
11/01/2015;3,2;1,1
12/01/2015;3,2;1,1
13/01/2015;3,2;1,1
14/01/2015;3,2;1,1
15/01/2015;3,2;1,1
16/01/2015;3,2;1,1
17/01/2015;3,2;1,1
18/01/2015;3,2;1,1
19/01/2015;3,2;1,1
20/01/2015;3,2;1,1
21/01/2015;3,2;1,1
22/01/2015;3,2;1,1
23/01/2015;3,2;1,1
24/01/2015;3,2;1,1
25/01/2015;3,2;1,1
26/01/2015;3,2;1,1
27/01/2015;3,2;1,1
28/01/2015;3,2;1,1
29/01/2015;3,2;1,1
30/01/2015;3,2;1,1
31/01/2015;3,2;1,1
01/02/2015;3,2;1,1
02/02/2015;3,2;1,1
03/02/2015;3,2;1,1
04/02/2015;3,2;1,1
05/02/2015;3,2;1,1
06/02/2015;3,2;1,1
07/02/2015;3,2;1,1
08/02/2015;3,2;1,1
09/02/2015;3,2;1,1
10/02/2015;3,2;1,1
11/02/2015;3,2;1,1
12/02/2015;3,2;1,1
13/02/2015;3,2;1,1
14/02/2015;3,2;1,1
15/02/2015;3,2;1,1
16/02/2015;3,2;1,1
17/02/2015;3,2;1,1
18/02/2015;3,2;1,1
19/02/2015;3,2;1,1
20/02/2015;3,2;1,1
21/02/2015;3,2;1,1
22/02/2015;3,2;1,1
23/02/2015;3,2;1,1
24/02/2015;3,2;1,1
25/02/2015;3,2;1,1
26/02/2015;3,2;1,1
27/02/2015;3,2;1,1
28/02/2015;3,2;1,1
01/03/2015;3,2;1,1
02/03/2015;3,2;1,1
03/03/2015;3,2;1,1
04/03/2015;3,2;1,1
05/03/2015;3,2;1,1
06/03/2015;3,2;1,1
07/03/2015;3,2;1,1
08/03/2015;3,2;1,1
09/03/2015;3,2;1,1
10/03/2015;3,2;1,1
11/03/2015;3,2;1,1
12/03/2015;3,2;1,1
13/03/2015;3,2;1,1
14/03/2015;3,2;1,1
15/03/2015;3,2;1,1
16/03/2015;3,2;1,1
17/03/2015;3,2;1,1
18/03/2015;3,2;1,1
19/03/2015;3,2;1,1
20/03/2015;3,2;1,1
21/03/2015;3,2;1,1
22/03/2015;3,2;1,1
23/03/2015;3,2;1,1
24/03/2015;3,2;1,1
25/03/2015;3,2;1,1
26/03/2015;3,2;1,1
27/03/2015;3,2;1,1
28/03/2015;3,2;1,1
29/03/2015;3,2;1,1
30/03/2015;3,2;1,1
31/03/2015;3,2;1,1
01/04/2015;3,9;1,1
02/04/2015;3,9;1,1
03/04/2015;3,9;1,1
04/04/2015;3,9;1,1
05/04/2015;3,9;1,1
06/04/2015;3,9;1,1
07/04/2015;3,9;1,1
08/04/2015;3,9;1,1
09/04/2015;3,9;1,1
10/04/2015;3,9;1,1
11/04/2015;3,9;1,1
12/04/2015;3,9;1,1
13/04/2015;3,9;1,1
14/04/2015;3,9;1,1
15/04/2015;3,9;1,1
16/04/2015;3,9;1,1
17/04/2015;3,9;1,1
18/04/2015;3,9;1,1
19/04/2015;3,9;1,1
20/04/2015;3,9;1,1
21/04/2015;3,9;1,1
22/04/2015;3,9;1,1
23/04/2015;3,9;1,1
24/04/2015;3,9;1,1
25/04/2015;3,9;1,1
26/04/2015;3,9;1,1
27/04/2015;3,9;1,1
28/04/2015;3,9;1,1
29/04/2015;3,9;1,1
30/04/2015;3,9;1,1
01/05/2015;3,9;1,1
02/05/2015;3,9;1,1
03/05/2015;3,9;1,1
04/05/2015;3,9;1,1
05/05/2015;3,9;1,1
06/05/2015;3,9;1,1
07/05/2015;3,9;1,1
08/05/2015;3,9;1,1
09/05/2015;3,9;1,1
10/05/2015;3,9;1,1
11/05/2015;3,9;1,1
12/05/2015;3,9;1,1
13/05/2015;3,9;1,1
14/05/2015;3,9;1,1
15/05/2015;3,9;1,1
16/05/2015;3,9;1,1
17/05/2015;3,9;1,1
18/05/2015;3,9;1,1
19/05/2015;3,9;1,1
20/05/2015;3,9;1,1
21/05/2015;3,9;1,1
22/05/2015;3,9;1,1
23/05/2015;3,9;1,1
24/05/2015;3,9;1,1
25/05/2015;3,9;1,1
26/05/2015;3,9;1,1
27/05/2015;3,9;1,1
28/05/2015;3,9;1,1
29/05/2015;3,9;1,1
30/05/2015;3,9;1,1
31/05/2015;3,9;1,1
01/06/2015;3,9;1,1
02/06/2015;3,9;1,1
03/06/2015;3,9;1,1
04/06/2015;3,9;1,1
05/06/2015;3,9;1,1
06/06/2015;3,9;1,1
07/06/2015;3,9;1,1
08/06/2015;3,9;1,1
09/06/2015;3,9;1,1
10/06/2015;3,9;1,1
11/06/2015;3,9;1,1
12/06/2015;3,9;1,1
13/06/2015;3,9;1,1
14/06/2015;3,9;1,1
15/06/2015;3,9;1,1
16/06/2015;3,9;1,1
17/06/2015;3,9;1,1
18/06/2015;3,9;1,1
19/06/2015;3,9;1,1
20/06/2015;3,9;1,1
21/06/2015;3,9;1,1
22/06/2015;3,9;1,1
23/06/2015;3,9;1,1
24/06/2015;3,9;1,1
25/06/2015;3,9;1,1
26/06/2015;3,9;1,1
27/06/2015;3,9;1,1
28/06/2015;3,9;1,1
29/06/2015;3,9;1,1
30/06/2015;3,9;1,1
01/07/2015;4;0,9
02/07/2015;4;0,9
03/07/2015;4;0,9
04/07/2015;4;0,9
05/07/2015;4;0,9
06/07/2015;4;0,9
07/07/2015;4;0,9
08/07/2015;4;0,9
09/07/2015;4;0,9
10/07/2015;4;0,9
11/07/2015;4;0,9
12/07/2015;4;0,9
13/07/2015;4;0,9
14/07/2015;4;0,9
15/07/2015;4;0,9
16/07/2015;4;0,9
17/07/2015;4;0,9
18/07/2015;4;0,9
19/07/2015;4;0,9
20/07/2015;4;0,9
21/07/2015;4;0,9
22/07/2015;4;0,9
23/07/2015;4;0,9
24/07/2015;4;0,9
25/07/2015;4;0,9
26/07/2015;4;0,9
27/07/2015;4;0,9
28/07/2015;4;0,9
29/07/2015;4;0,9
30/07/2015;4;0,9
31/07/2015;4;0,9
01/08/2015;4;0,9
02/08/2015;4;0,9
03/08/2015;4;0,9
04/08/2015;4;0,9
05/08/2015;4;0,9
06/08/2015;4;0,9
07/08/2015;4;0,9
08/08/2015;4;0,9
09/08/2015;4;0,9
10/08/2015;4;0,9
11/08/2015;4;0,9
12/08/2015;4;0,9
13/08/2015;4;0,9
14/08/2015;4;0,9
15/08/2015;4;0,9
16/08/2015;4;0,9
17/08/2015;4;0,9
18/08/2015;4;0,9
19/08/2015;4;0,9
20/08/2015;4;0,9
21/08/2015;4;0,9
22/08/2015;4;0,9
23/08/2015;4;0,9
24/08/2015;4;0,9
25/08/2015;4;0,9
26/08/2015;4;0,9
27/08/2015;4;0,9
28/08/2015;4;0,9
29/08/2015;4;0,9
30/08/2015;4;0,9
31/08/2015;4;0,9
01/09/2015;4;0,9
02/09/2015;4;0,9
03/09/2015;4;0,9
04/09/2015;4;0,9
05/09/2015;4;0,9
06/09/2015;4;0,9
07/09/2015;4;0,9
08/09/2015;4;0,9
09/09/2015;4;0,9
10/09/2015;4;0,9
11/09/2015;4;0,9
12/09/2015;4;0,9
13/09/2015;4;0,9
14/09/2015;4;0,9
15/09/2015;4;0,9
16/09/2015;4;0,9
17/09/2015;4;0,9
18/09/2015;4;0,9
19/09/2015;4;0,9
20/09/2015;4;0,9
21/09/2015;4;0,9
22/09/2015;4;0,9
23/09/2015;4;0,9
24/09/2015;4;0,9
25/09/2015;4;0,9
26/09/2015;4;0,9
27/09/2015;4;0,9
28/09/2015;4;0,9
29/09/2015;4;0,9
30/09/2015;4;0,9
01/10/2015;4,2;1
02/10/2015;4,2;1
03/10/2015;4,2;1
04/10/2015;4,2;1
05/10/2015;4,2;1
06/10/2015;4,2;1
07/10/2015;4,2;1
08/10/2015;4,2;1
09/10/2015;4,2;1
10/10/2015;4,2;1
11/10/2015;4,2;1
12/10/2015;4,2;1
13/10/2015;4,2;1
14/10/2015;4,2;1
15/10/2015;4,2;1
16/10/2015;4,2;1
17/10/2015;4,2;1
18/10/2015;4,2;1
19/10/2015;4,2;1
20/10/2015;4,2;1
21/10/2015;4,2;1
22/10/2015;4,2;1
23/10/2015;4,2;1
24/10/2015;4,2;1
25/10/2015;4,2;1
26/10/2015;4,2;1
27/10/2015;4,2;1
28/10/2015;4,2;1
29/10/2015;4,2;1
30/10/2015;4,2;1
31/10/2015;4,2;1
01/11/2015;4,2;1
02/11/2015;4,2;1
03/11/2015;4,2;1
04/11/2015;4,2;1
05/11/2015;4,2;1
06/11/2015;4,2;1
07/11/2015;4,2;1
08/11/2015;4,2;1
09/11/2015;4,2;1
10/11/2015;4,2;1
11/11/2015;4,2;1
12/11/2015;4,2;1
13/11/2015;4,2;1
14/11/2015;4,2;1
15/11/2015;4,2;1
16/11/2015;4,2;1
17/11/2015;4,2;1
18/11/2015;4,2;1
19/11/2015;4,2;1
20/11/2015;4,2;1
21/11/2015;4,2;1
22/11/2015;4,2;1
23/11/2015;4,2;1
24/11/2015;4,2;1
25/11/2015;4,2;1
26/11/2015;4,2;1
27/11/2015;4,2;1
28/11/2015;4,2;1
29/11/2015;4,2;1
30/11/2015;4,2;1
01/12/2015;4,2;1
02/12/2015;4,2;1
03/12/2015;4,2;1
04/12/2015;4,2;1
05/12/2015;4,2;1
06/12/2015;4,2;1
07/12/2015;4,2;1
08/12/2015;4,2;1
09/12/2015;4,2;1
10/12/2015;4,2;1
11/12/2015;4,2;1
12/12/2015;4,2;1
13/12/2015;4,2;1
14/12/2015;4,2;1
15/12/2015;4,2;1
16/12/2015;4,2;1
17/12/2015;4,2;1
18/12/2015;4,2;1
19/12/2015;4,2;1
20/12/2015;4,2;1
21/12/2015;4,2;1
22/12/2015;4,2;1
23/12/2015;4,2;1
24/12/2015;4,2;1
25/12/2015;4,2;1
26/12/2015;4,2;1
27/12/2015;4,2;1
28/12/2015;4,2;1
29/12/2015;4,2;1
30/12/2015;4,2;1
31/12/2015;4,2;1
01/01/2016;3,7;0,7
02/01/2016;3,7;0,7
03/01/2016;3,7;0,7
04/01/2016;3,7;0,7
05/01/2016;3,7;0,7
06/01/2016;3,7;0,7
07/01/2016;3,7;0,7
08/01/2016;3,7;0,7
09/01/2016;3,7;0,7
10/01/2016;3,7;0,7
11/01/2016;3,7;0,7
12/01/2016;3,7;0,7
13/01/2016;3,7;0,7
14/01/2016;3,7;0,7
15/01/2016;3,7;0,7
16/01/2016;3,7;0,7
17/01/2016;3,7;0,7
18/01/2016;3,7;0,7
19/01/2016;3,7;0,7
20/01/2016;3,7;0,7
21/01/2016;3,7;0,7
22/01/2016;3,7;0,7
23/01/2016;3,7;0,7
24/01/2016;3,7;0,7
25/01/2016;3,7;0,7
26/01/2016;3,7;0,7
27/01/2016;3,7;0,7
28/01/2016;3,7;0,7
29/01/2016;3,7;0,7
30/01/2016;3,7;0,7
31/01/2016;3,7;0,7
01/02/2016;3,7;0,7
02/02/2016;3,7;0,7
03/02/2016;3,7;0,7
04/02/2016;3,7;0,7
05/02/2016;3,7;0,7
06/02/2016;3,7;0,7
07/02/2016;3,7;0,7
08/02/2016;3,7;0,7
09/02/2016;3,7;0,7
10/02/2016;3,7;0,7
11/02/2016;3,7;0,7
12/02/2016;3,7;0,7
13/02/2016;3,7;0,7
14/02/2016;3,7;0,7
15/02/2016;3,7;0,7
16/02/2016;3,7;0,7
17/02/2016;3,7;0,7
18/02/2016;3,7;0,7
19/02/2016;3,7;0,7
20/02/2016;3,7;0,7
21/02/2016;3,7;0,7
22/02/2016;3,7;0,7
23/02/2016;3,7;0,7
24/02/2016;3,7;0,7
25/02/2016;3,7;0,7
26/02/2016;3,7;0,7
27/02/2016;3,7;0,7
28/02/2016;3,7;0,7
29/02/2016;3,7;0,7
01/03/2016;3,7;0,7
02/03/2016;3,7;0,7
03/03/2016;3,7;0,7
04/03/2016;3,7;0,7
05/03/2016;3,7;0,7
06/03/2016;3,7;0,7
07/03/2016;3,7;0,7
08/03/2016;3,7;0,7
09/03/2016;3,7;0,7
10/03/2016;3,7;0,7
11/03/2016;3,7;0,7
12/03/2016;3,7;0,7
13/03/2016;3,7;0,7
14/03/2016;3,7;0,7
15/03/2016;3,7;0,7
16/03/2016;3,7;0,7
17/03/2016;3,7;0,7
18/03/2016;3,7;0,7
19/03/2016;3,7;0,7
20/03/2016;3,7;0,7
21/03/2016;3,7;0,7
22/03/2016;3,7;0,7
23/03/2016;3,7;0,7
24/03/2016;3,7;0,7
25/03/2016;3,7;0,7
26/03/2016;3,7;0,7
27/03/2016;3,7;0,7
28/03/2016;3,7;0,7
29/03/2016;3,7;0,7
30/03/2016;3,7;0,7
31/03/2016;3,7;0,7
01/04/2016;3;0,4
02/04/2016;3;0,4
03/04/2016;3;0,4
04/04/2016;3;0,4
05/04/2016;3;0,4
06/04/2016;3;0,4
07/04/2016;3;0,4
08/04/2016;3;0,4
09/04/2016;3;0,4
10/04/2016;3;0,4
11/04/2016;3;0,4
12/04/2016;3;0,4
13/04/2016;3;0,4
14/04/2016;3;0,4
15/04/2016;3;0,4
16/04/2016;3;0,4
17/04/2016;3;0,4
18/04/2016;3;0,4
19/04/2016;3;0,4
20/04/2016;3;0,4
21/04/2016;3;0,4
22/04/2016;3;0,4
23/04/2016;3;0,4
24/04/2016;3;0,4
25/04/2016;3;0,4
26/04/2016;3;0,4
27/04/2016;3;0,4
28/04/2016;3;0,4
29/04/2016;3;0,4
30/04/2016;3;0,4
01/05/2016;3;0,4
02/05/2016;3;0,4
03/05/2016;3;0,4
04/05/2016;3;0,4
05/05/2016;3;0,4
06/05/2016;3;0,4
07/05/2016;3;0,4
08/05/2016;3;0,4
09/05/2016;3;0,4
10/05/2016;3;0,4
11/05/2016;3;0,4
12/05/2016;3;0,4
13/05/2016;3;0,4
14/05/2016;3;0,4
15/05/2016;3;0,4
16/05/2016;3;0,4
17/05/2016;3;0,4
18/05/2016;3;0,4
19/05/2016;3;0,4
20/05/2016;3;0,4
21/05/2016;3;0,4
22/05/2016;3;0,4
23/05/2016;3;0,4
24/05/2016;3;0,4
25/05/2016;3;0,4
26/05/2016;3;0,4
27/05/2016;3;0,4
28/05/2016;3;0,4
29/05/2016;3;0,4
30/05/2016;3;0,4
31/05/2016;3;0,4
01/06/2016;3;0,4
02/06/2016;3;0,4
03/06/2016;3;0,4
04/06/2016;3;0,4
05/06/2016;3;0,4
06/06/2016;3;0,4
07/06/2016;3;0,4
08/06/2016;3;0,4
09/06/2016;3;0,4
10/06/2016;3;0,4
11/06/2016;3;0,4
12/06/2016;3;0,4
13/06/2016;3;0,4
14/06/2016;3;0,4
15/06/2016;3;0,4
16/06/2016;3;0,4
17/06/2016;3;0,4
18/06/2016;3;0,4
19/06/2016;3;0,4
20/06/2016;3;0,4
21/06/2016;3;0,4
22/06/2016;3;0,4
23/06/2016;3;0,4
24/06/2016;3;0,4
25/06/2016;3;0,4
26/06/2016;3;0,4
27/06/2016;3;0,4
28/06/2016;3;0,4
29/06/2016;3;0,4
30/06/2016;3;0,4
01/07/2016;3;0,9
02/07/2016;3;0,9
03/07/2016;3;0,9
04/07/2016;3;0,9
05/07/2016;3;0,9
06/07/2016;3;0,9
07/07/2016;3;0,9
08/07/2016;3;0,9
09/07/2016;3;0,9
10/07/2016;3;0,9
11/07/2016;3;0,9
12/07/2016;3;0,9
13/07/2016;3;0,9
14/07/2016;3;0,9
15/07/2016;3;0,9
16/07/2016;3;0,9
17/07/2016;3;0,9
18/07/2016;3;0,9
19/07/2016;3;0,9
20/07/2016;3;0,9
21/07/2016;3;0,9
22/07/2016;3;0,9
23/07/2016;3;0,9
24/07/2016;3;0,9
25/07/2016;3;0,9
26/07/2016;3;0,9
27/07/2016;3;0,9
28/07/2016;3;0,9
29/07/2016;3;0,9
30/07/2016;3;0,9
31/07/2016;3;0,9
01/08/2016;3;0,9
02/08/2016;3;0,9
03/08/2016;3;0,9
04/08/2016;3;0,9
05/08/2016;3;0,9
06/08/2016;3;0,9
07/08/2016;3;0,9
08/08/2016;3;0,9
09/08/2016;3;0,9
10/08/2016;3;0,9
11/08/2016;3;0,9
12/08/2016;3;0,9
13/08/2016;3;0,9
14/08/2016;3;0,9
15/08/2016;3;0,9
16/08/2016;3;0,9
17/08/2016;3;0,9
18/08/2016;3;0,9
19/08/2016;3;0,9
20/08/2016;3;0,9
21/08/2016;3;0,9
22/08/2016;3;0,9
23/08/2016;3;0,9
24/08/2016;3;0,9
25/08/2016;3;0,9
26/08/2016;3;0,9
27/08/2016;3;0,9
28/08/2016;3;0,9
29/08/2016;3;0,9
30/08/2016;3;0,9
31/08/2016;3;0,9
01/09/2016;3;0,9
02/09/2016;3;0,9
03/09/2016;3;0,9
04/09/2016;3;0,9
05/09/2016;3;0,9
06/09/2016;3;0,9
07/09/2016;3;0,9
08/09/2016;3;0,9
09/09/2016;3;0,9
10/09/2016;3;0,9
11/09/2016;3;0,9
12/09/2016;3;0,9
13/09/2016;3;0,9
14/09/2016;3;0,9
15/09/2016;3;0,9
16/09/2016;3;0,9
17/09/2016;3;0,9
18/09/2016;3;0,9
19/09/2016;3;0,9
20/09/2016;3;0,9
21/09/2016;3;0,9
22/09/2016;3;0,9
23/09/2016;3;0,9
24/09/2016;3;0,9
25/09/2016;3;0,9
26/09/2016;3;0,9
27/09/2016;3;0,9
28/09/2016;3;0,9
29/09/2016;3;0,9
30/09/2016;3;0,9
01/10/2016;2,5;0,5
02/10/2016;2,5;0,5
03/10/2016;2,5;0,5
04/10/2016;2,5;0,5
05/10/2016;2,5;0,5
06/10/2016;2,5;0,5
07/10/2016;2,5;0,5
08/10/2016;2,5;0,5
09/10/2016;2,5;0,5
10/10/2016;2,5;0,5
11/10/2016;2,5;0,5
12/10/2016;2,5;0,5
13/10/2016;2,5;0,5
14/10/2016;2,5;0,5
15/10/2016;2,5;0,5
16/10/2016;2,5;0,5
17/10/2016;2,5;0,5
18/10/2016;2,5;0,5
19/10/2016;2,5;0,5
20/10/2016;2,5;0,5
21/10/2016;2,5;0,5
22/10/2016;2,5;0,5
23/10/2016;2,5;0,5
24/10/2016;2,5;0,5
25/10/2016;2,5;0,5
26/10/2016;2,5;0,5
27/10/2016;2,5;0,5
28/10/2016;2,5;0,5
29/10/2016;2,5;0,5
30/10/2016;2,5;0,5
31/10/2016;2,5;0,5
01/11/2016;2,5;0,5
02/11/2016;2,5;0,5
03/11/2016;2,5;0,5
04/11/2016;2,5;0,5
05/11/2016;2,5;0,5
06/11/2016;2,5;0,5
07/11/2016;2,5;0,5
08/11/2016;2,5;0,5
09/11/2016;2,5;0,5
10/11/2016;2,5;0,5
11/11/2016;2,5;0,5
12/11/2016;2,5;0,5
13/11/2016;2,5;0,5
14/11/2016;2,5;0,5
15/11/2016;2,5;0,5
16/11/2016;2,5;0,5
17/11/2016;2,5;0,5
18/11/2016;2,5;0,5
19/11/2016;2,5;0,5
20/11/2016;2,5;0,5
21/11/2016;2,5;0,5
22/11/2016;2,5;0,5
23/11/2016;2,5;0,5
24/11/2016;2,5;0,5
25/11/2016;2,5;0,5
26/11/2016;2,5;0,5
27/11/2016;2,5;0,5
28/11/2016;2,5;0,5
29/11/2016;2,5;0,5
30/11/2016;2,5;0,5
01/12/2016;2,5;0,5
02/12/2016;2,5;0,5
03/12/2016;2,5;0,5
04/12/2016;2,5;0,5
05/12/2016;2,5;0,5
06/12/2016;2,5;0,5
07/12/2016;2,5;0,5
08/12/2016;2,5;0,5
09/12/2016;2,5;0,5
10/12/2016;2,5;0,5
11/12/2016;2,5;0,5
12/12/2016;2,5;0,5
13/12/2016;2,5;0,5
14/12/2016;2,5;0,5
15/12/2016;2,5;0,5
16/12/2016;2,5;0,5
17/12/2016;2,5;0,5
18/12/2016;2,5;0,5
19/12/2016;2,5;0,5
20/12/2016;2,5;0,5
21/12/2016;2,5;0,5
22/12/2016;2,5;0,5
23/12/2016;2,5;0,5
24/12/2016;2,5;0,5
25/12/2016;2,5;0,5
26/12/2016;2,5;0,5
27/12/2016;2,5;0,5
28/12/2016;2,5;0,5
29/12/2016;2,5;0,5
30/12/2016;2,5;0,5
31/12/2016;2,5;0,5
01/01/2017;2,5;0,8
02/01/2017;2,5;0,8
03/01/2017;2,5;0,8
04/01/2017;2,5;0,8
05/01/2017;2,5;0,8
06/01/2017;2,5;0,8
07/01/2017;2,5;0,8
08/01/2017;2,5;0,8
09/01/2017;2,5;0,8
10/01/2017;2,5;0,8
11/01/2017;2,5;0,8
12/01/2017;2,5;0,8
13/01/2017;2,5;0,8
14/01/2017;2,5;0,8
15/01/2017;2,5;0,8
16/01/2017;2,5;0,8
17/01/2017;2,5;0,8
18/01/2017;2,5;0,8
19/01/2017;2,5;0,8
20/01/2017;2,5;0,8
21/01/2017;2,5;0,8
22/01/2017;2,5;0,8
23/01/2017;2,5;0,8
24/01/2017;2,5;0,8
25/01/2017;2,5;0,8
26/01/2017;2,5;0,8
27/01/2017;2,5;0,8
28/01/2017;2,5;0,8
29/01/2017;2,5;0,8
30/01/2017;2,5;0,8
31/01/2017;2,5;0,8
01/02/2017;2,5;0,8
02/02/2017;2,5;0,8
03/02/2017;2,5;0,8
04/02/2017;2,5;0,8
05/02/2017;2,5;0,8
06/02/2017;2,5;0,8
07/02/2017;2,5;0,8
08/02/2017;2,5;0,8
09/02/2017;2,5;0,8
10/02/2017;2,5;0,8
11/02/2017;2,5;0,8
12/02/2017;2,5;0,8
13/02/2017;2,5;0,8
14/02/2017;2,5;0,8
15/02/2017;2,5;0,8
16/02/2017;2,5;0,8
17/02/2017;2,5;0,8
18/02/2017;2,5;0,8
19/02/2017;2,5;0,8
20/02/2017;2,5;0,8
21/02/2017;2,5;0,8
22/02/2017;2,5;0,8
23/02/2017;2,5;0,8
24/02/2017;2,5;0,8
25/02/2017;2,5;0,8
26/02/2017;2,5;0,8
27/02/2017;2,5;0,8
28/02/2017;2,5;0,8
01/03/2017;2,5;0,8
02/03/2017;2,5;0,8
03/03/2017;2,5;0,8
04/03/2017;2,5;0,8
05/03/2017;2,5;0,8
06/03/2017;2,5;0,8
07/03/2017;2,5;0,8
08/03/2017;2,5;0,8
09/03/2017;2,5;0,8
10/03/2017;2,5;0,8
11/03/2017;2,5;0,8
12/03/2017;2,5;0,8
13/03/2017;2,5;0,8
14/03/2017;2,5;0,8
15/03/2017;2,5;0,8
16/03/2017;2,5;0,8
17/03/2017;2,5;0,8
18/03/2017;2,5;0,8
19/03/2017;2,5;0,8
20/03/2017;2,5;0,8
21/03/2017;2,5;0,8
22/03/2017;2,5;0,8
23/03/2017;2,5;0,8
24/03/2017;2,5;0,8
25/03/2017;2,5;0,8
26/03/2017;2,5;0,8
27/03/2017;2,5;0,8
28/03/2017;2,5;0,8
29/03/2017;2,5;0,8
30/03/2017;2,5;0,8
31/03/2017;2,5;0,8
01/04/2017;3,2;1
02/04/2017;3,2;1
03/04/2017;3,2;1
04/04/2017;3,2;1
05/04/2017;3,2;1
06/04/2017;3,2;1
07/04/2017;3,2;1
08/04/2017;3,2;1
09/04/2017;3,2;1
10/04/2017;3,2;1
11/04/2017;3,2;1
12/04/2017;3,2;1
13/04/2017;3,2;1
14/04/2017;3,2;1
15/04/2017;3,2;1
16/04/2017;3,2;1
17/04/2017;3,2;1
18/04/2017;3,2;1
19/04/2017;3,2;1
20/04/2017;3,2;1
21/04/2017;3,2;1
22/04/2017;3,2;1
23/04/2017;3,2;1
24/04/2017;3,2;1
25/04/2017;3,2;1
26/04/2017;3,2;1
27/04/2017;3,2;1
28/04/2017;3,2;1
29/04/2017;3,2;1
30/04/2017;3,2;1
01/05/2017;3,2;1
02/05/2017;3,2;1
03/05/2017;3,2;1
04/05/2017;3,2;1
05/05/2017;3,2;1
06/05/2017;3,2;1
07/05/2017;3,2;1
08/05/2017;3,2;1
09/05/2017;3,2;1
10/05/2017;3,2;1
11/05/2017;3,2;1
12/05/2017;3,2;1
13/05/2017;3,2;1
14/05/2017;3,2;1
15/05/2017;3,2;1
16/05/2017;3,2;1
17/05/2017;3,2;1
18/05/2017;3,2;1
19/05/2017;3,2;1
20/05/2017;3,2;1
21/05/2017;3,2;1
22/05/2017;3,2;1
23/05/2017;3,2;1
24/05/2017;3,2;1
25/05/2017;3,2;1
26/05/2017;3,2;1
27/05/2017;3,2;1
28/05/2017;3,2;1
29/05/2017;3,2;1
30/05/2017;3,2;1
31/05/2017;3,2;1
01/06/2017;3,2;1
02/06/2017;3,2;1
03/06/2017;3,2;1
04/06/2017;3,2;1
05/06/2017;3,2;1
06/06/2017;3,2;1
07/06/2017;3,2;1
08/06/2017;3,2;1
09/06/2017;3,2;1
10/06/2017;3,2;1
11/06/2017;3,2;1
12/06/2017;3,2;1
13/06/2017;3,2;1
14/06/2017;3,2;1
15/06/2017;3,2;1
16/06/2017;3,2;1
17/06/2017;3,2;1
18/06/2017;3,2;1
19/06/2017;3,2;1
20/06/2017;3,2;1
21/06/2017;3,2;1
22/06/2017;3,2;1
23/06/2017;3,2;1
24/06/2017;3,2;1
25/06/2017;3,2;1
26/06/2017;3,2;1
27/06/2017;3,2;1
28/06/2017;3,2;1
29/06/2017;3,2;1
30/06/2017;3,2;1
01/07/2017;2,8;0,5
02/07/2017;2,8;0,5
03/07/2017;2,8;0,5
04/07/2017;2,8;0,5
05/07/2017;2,8;0,5
06/07/2017;2,8;0,5
07/07/2017;2,8;0,5
08/07/2017;2,8;0,5
09/07/2017;2,8;0,5
10/07/2017;2,8;0,5
11/07/2017;2,8;0,5
12/07/2017;2,8;0,5
13/07/2017;2,8;0,5
14/07/2017;2,8;0,5
15/07/2017;2,8;0,5
16/07/2017;2,8;0,5
17/07/2017;2,8;0,5
18/07/2017;2,8;0,5
19/07/2017;2,8;0,5
20/07/2017;2,8;0,5
21/07/2017;2,8;0,5
22/07/2017;2,8;0,5
23/07/2017;2,8;0,5
24/07/2017;2,8;0,5
25/07/2017;2,8;0,5
26/07/2017;2,8;0,5
27/07/2017;2,8;0,5
28/07/2017;2,8;0,5
29/07/2017;2,8;0,5
30/07/2017;2,8;0,5
31/07/2017;2,8;0,5
01/08/2017;2,8;0,5
02/08/2017;2,8;0,5
03/08/2017;2,8;0,5
04/08/2017;2,8;0,5
05/08/2017;2,8;0,5
06/08/2017;2,8;0,5
07/08/2017;2,8;0,5
08/08/2017;2,8;0,5
09/08/2017;2,8;0,5
10/08/2017;2,8;0,5
11/08/2017;2,8;0,5
12/08/2017;2,8;0,5
13/08/2017;2,8;0,5
14/08/2017;2,8;0,5
15/08/2017;2,8;0,5
16/08/2017;2,8;0,5
17/08/2017;2,8;0,5
18/08/2017;2,8;0,5
19/08/2017;2,8;0,5
20/08/2017;2,8;0,5
21/08/2017;2,8;0,5
22/08/2017;2,8;0,5
23/08/2017;2,8;0,5
24/08/2017;2,8;0,5
25/08/2017;2,8;0,5
26/08/2017;2,8;0,5
27/08/2017;2,8;0,5
28/08/2017;2,8;0,5
29/08/2017;2,8;0,5
30/08/2017;2,8;0,5
31/08/2017;2,8;0,5
01/09/2017;2,8;0,5
02/09/2017;2,8;0,5
03/09/2017;2,8;0,5
04/09/2017;2,8;0,5
05/09/2017;2,8;0,5
06/09/2017;2,8;0,5
07/09/2017;2,8;0,5
08/09/2017;2,8;0,5
09/09/2017;2,8;0,5
10/09/2017;2,8;0,5
11/09/2017;2,8;0,5
12/09/2017;2,8;0,5
13/09/2017;2,8;0,5
14/09/2017;2,8;0,5
15/09/2017;2,8;0,5
16/09/2017;2,8;0,5
17/09/2017;2,8;0,5
18/09/2017;2,8;0,5
19/09/2017;2,8;0,5
20/09/2017;2,8;0,5
21/09/2017;2,8;0,5
22/09/2017;2,8;0,5
23/09/2017;2,8;0,5
24/09/2017;2,8;0,5
25/09/2017;2,8;0,5
26/09/2017;2,8;0,5
27/09/2017;2,8;0,5
28/09/2017;2,8;0,5
29/09/2017;2,8;0,5
30/09/2017;2,8;0,5
01/10/2017;3;0,7
02/10/2017;3;0,7
03/10/2017;3;0,7
04/10/2017;3;0,7
05/10/2017;3;0,7
06/10/2017;3;0,7
07/10/2017;3;0,7
08/10/2017;3;0,7
09/10/2017;3;0,7
10/10/2017;3;0,7
11/10/2017;3;0,7
12/10/2017;3;0,7
13/10/2017;3;0,7
14/10/2017;3;0,7
15/10/2017;3;0,7
16/10/2017;3;0,7
17/10/2017;3;0,7
18/10/2017;3;0,7
19/10/2017;3;0,7
20/10/2017;3;0,7
21/10/2017;3;0,7
22/10/2017;3;0,7
23/10/2017;3;0,7
24/10/2017;3;0,7
25/10/2017;3;0,7
26/10/2017;3;0,7
27/10/2017;3;0,7
28/10/2017;3;0,7
29/10/2017;3;0,7
30/10/2017;3;0,7
31/10/2017;3;0,7
01/11/2017;3;0,7
02/11/2017;3;0,7
03/11/2017;3;0,7
04/11/2017;3;0,7
05/11/2017;3;0,7
06/11/2017;3;0,7
07/11/2017;3;0,7
08/11/2017;3;0,7
09/11/2017;3;0,7
10/11/2017;3;0,7
11/11/2017;3;0,7
12/11/2017;3;0,7
13/11/2017;3;0,7
14/11/2017;3;0,7
15/11/2017;3;0,7
16/11/2017;3;0,7
17/11/2017;3;0,7
18/11/2017;3;0,7
19/11/2017;3;0,7
20/11/2017;3;0,7
21/11/2017;3;0,7
22/11/2017;3;0,7
23/11/2017;3;0,7
24/11/2017;3;0,7
25/11/2017;3;0,7
26/11/2017;3;0,7
27/11/2017;3;0,7
28/11/2017;3;0,7
29/11/2017;3;0,7
30/11/2017;3;0,7
01/12/2017;3;0,7
02/12/2017;3;0,7
03/12/2017;3;0,7
04/12/2017;3;0,7
05/12/2017;3;0,7
06/12/2017;3;0,7
07/12/2017;3;0,7
08/12/2017;3;0,7
09/12/2017;3;0,7
10/12/2017;3;0,7
11/12/2017;3;0,7
12/12/2017;3;0,7
13/12/2017;3;0,7
14/12/2017;3;0,7
15/12/2017;3;0,7
16/12/2017;3;0,7
17/12/2017;3;0,7
18/12/2017;3;0,7
19/12/2017;3;0,7
20/12/2017;3;0,7
21/12/2017;3;0,7
22/12/2017;3;0,7
23/12/2017;3;0,7
24/12/2017;3;0,7
25/12/2017;3;0,7
26/12/2017;3;0,7
27/12/2017;3;0,7
28/12/2017;3;0,7
29/12/2017;3;0,7
30/12/2017;3;0,7
31/12/2017;3;0,7
01/01/2018;2,8;0,5
02/01/2018;2,8;0,5
03/01/2018;2,8;0,5
04/01/2018;2,8;0,5
05/01/2018;2,8;0,5
06/01/2018;2,8;0,5
07/01/2018;2,8;0,5
08/01/2018;2,8;0,5
09/01/2018;2,8;0,5
10/01/2018;2,8;0,5
11/01/2018;2,8;0,5
12/01/2018;2,8;0,5
13/01/2018;2,8;0,5
14/01/2018;2,8;0,5
15/01/2018;2,8;0,5
16/01/2018;2,8;0,5
17/01/2018;2,8;0,5
18/01/2018;2,8;0,5
19/01/2018;2,8;0,5
20/01/2018;2,8;0,5
21/01/2018;2,8;0,5
22/01/2018;2,8;0,5
23/01/2018;2,8;0,5
24/01/2018;2,8;0,5
25/01/2018;2,8;0,5
26/01/2018;2,8;0,5
27/01/2018;2,8;0,5
28/01/2018;2,8;0,5
29/01/2018;2,8;0,5
30/01/2018;2,8;0,5
31/01/2018;2,8;0,5
01/02/2018;2,8;0,5
02/02/2018;2,8;0,5
03/02/2018;2,8;0,5
04/02/2018;2,8;0,5
05/02/2018;2,8;0,5
06/02/2018;2,8;0,5
07/02/2018;2,8;0,5
08/02/2018;2,8;0,5
09/02/2018;2,8;0,5
10/02/2018;2,8;0,5
11/02/2018;2,8;0,5
12/02/2018;2,8;0,5
13/02/2018;2,8;0,5
14/02/2018;2,8;0,5
15/02/2018;2,8;0,5
16/02/2018;2,8;0,5
17/02/2018;2,8;0,5
18/02/2018;2,8;0,5
19/02/2018;2,8;0,5
20/02/2018;2,8;0,5
21/02/2018;2,8;0,5
22/02/2018;2,8;0,5
23/02/2018;2,8;0,5
24/02/2018;2,8;0,5
25/02/2018;2,8;0,5
26/02/2018;2,8;0,5
27/02/2018;2,8;0,5
28/02/2018;2,8;0,5
01/03/2018;2,8;0,5
02/03/2018;2,8;0,5
03/03/2018;2,8;0,5
04/03/2018;2,8;0,5
05/03/2018;2,8;0,5
06/03/2018;2,8;0,5
07/03/2018;2,8;0,5
08/03/2018;2,8;0,5
09/03/2018;2,8;0,5
10/03/2018;2,8;0,5
11/03/2018;2,8;0,5
12/03/2018;2,8;0,5
13/03/2018;2,8;0,5
14/03/2018;2,8;0,5
15/03/2018;2,8;0,5
16/03/2018;2,8;0,5
17/03/2018;2,8;0,5
18/03/2018;2,8;0,5
19/03/2018;2,8;0,5
20/03/2018;2,8;0,5
21/03/2018;2,8;0,5
22/03/2018;2,8;0,5
23/03/2018;2,8;0,5
24/03/2018;2,8;0,5
25/03/2018;2,8;0,5
26/03/2018;2,8;0,5
27/03/2018;2,8;0,5
28/03/2018;2,8;0,5
29/03/2018;2,8;0,5
30/03/2018;2,8;0,5
31/03/2018;2,8;0,5
01/04/2018;2,3;0,5
02/04/2018;2,3;0,5
03/04/2018;2,3;0,5
04/04/2018;2,3;0,5
05/04/2018;2,3;0,5
06/04/2018;2,3;0,5
07/04/2018;2,3;0,5
08/04/2018;2,3;0,5
09/04/2018;2,3;0,5
10/04/2018;2,3;0,5
11/04/2018;2,3;0,5
12/04/2018;2,3;0,5
13/04/2018;2,3;0,5
14/04/2018;2,3;0,5
15/04/2018;2,3;0,5
16/04/2018;2,3;0,5
17/04/2018;2,3;0,5
18/04/2018;2,3;0,5
19/04/2018;2,3;0,5
20/04/2018;2,3;0,5
21/04/2018;2,3;0,5
22/04/2018;2,3;0,5
23/04/2018;2,3;0,5
24/04/2018;2,3;0,5
25/04/2018;2,3;0,5
26/04/2018;2,3;0,5
27/04/2018;2,3;0,5
28/04/2018;2,3;0,5
29/04/2018;2,3;0,5
30/04/2018;2,3;0,5
01/05/2018;2,3;0,5
02/05/2018;2,3;0,5
03/05/2018;2,3;0,5
04/05/2018;2,3;0,5
05/05/2018;2,3;0,5
06/05/2018;2,3;0,5
07/05/2018;2,3;0,5
08/05/2018;2,3;0,5
09/05/2018;2,3;0,5
10/05/2018;2,3;0,5
11/05/2018;2,3;0,5
12/05/2018;2,3;0,5
13/05/2018;2,3;0,5
14/05/2018;2,3;0,5
15/05/2018;2,3;0,5
16/05/2018;2,3;0,5
17/05/2018;2,3;0,5
18/05/2018;2,3;0,5
19/05/2018;2,3;0,5
20/05/2018;2,3;0,5
21/05/2018;2,3;0,5
22/05/2018;2,3;0,5
23/05/2018;2,3;0,5
24/05/2018;2,3;0,5
25/05/2018;2,3;0,5
26/05/2018;2,3;0,5
27/05/2018;2,3;0,5
28/05/2018;2,3;0,5
29/05/2018;2,3;0,5
30/05/2018;2,3;0,5
31/05/2018;2,3;0,5
01/06/2018;2,3;0,5
02/06/2018;2,3;0,5
03/06/2018;2,3;0,5
04/06/2018;2,3;0,5
05/06/2018;2,3;0,5
06/06/2018;2,3;0,5
07/06/2018;2,3;0,5
08/06/2018;2,3;0,5
09/06/2018;2,3;0,5
10/06/2018;2,3;0,5
11/06/2018;2,3;0,5
12/06/2018;2,3;0,5
13/06/2018;2,3;0,5
14/06/2018;2,3;0,5
15/06/2018;2,3;0,5
16/06/2018;2,3;0,5
17/06/2018;2,3;0,5
18/06/2018;2,3;0,5
19/06/2018;2,3;0,5
20/06/2018;2,3;0,5
21/06/2018;2,3;0,5
22/06/2018;2,3;0,5
23/06/2018;2,3;0,5
24/06/2018;2,3;0,5
25/06/2018;2,3;0,5
26/06/2018;2,3;0,5
27/06/2018;2,3;0,5
28/06/2018;2,3;0,5
29/06/2018;2,3;0,5
30/06/2018;2,3;0,5
01/07/2018;2,2;0,5
02/07/2018;2,2;0,5
03/07/2018;2,2;0,5
04/07/2018;2,2;0,5
05/07/2018;2,2;0,5
06/07/2018;2,2;0,5
07/07/2018;2,2;0,5
08/07/2018;2,2;0,5
09/07/2018;2,2;0,5
10/07/2018;2,2;0,5
11/07/2018;2,2;0,5
12/07/2018;2,2;0,5
13/07/2018;2,2;0,5
14/07/2018;2,2;0,5
15/07/2018;2,2;0,5
16/07/2018;2,2;0,5
17/07/2018;2,2;0,5
18/07/2018;2,2;0,5
19/07/2018;2,2;0,5
20/07/2018;2,2;0,5
21/07/2018;2,2;0,5
22/07/2018;2,2;0,5
23/07/2018;2,2;0,5
24/07/2018;2,2;0,5
25/07/2018;2,2;0,5
26/07/2018;2,2;0,5
27/07/2018;2,2;0,5
28/07/2018;2,2;0,5
29/07/2018;2,2;0,5
30/07/2018;2,2;0,5
31/07/2018;2,2;0,5
01/08/2018;2,2;0,5
02/08/2018;2,2;0,5
03/08/2018;2,2;0,5
04/08/2018;2,2;0,5
05/08/2018;2,2;0,5
06/08/2018;2,2;0,5
07/08/2018;2,2;0,5
08/08/2018;2,2;0,5
09/08/2018;2,2;0,5
10/08/2018;2,2;0,5
11/08/2018;2,2;0,5
12/08/2018;2,2;0,5
13/08/2018;2,2;0,5
14/08/2018;2,2;0,5
15/08/2018;2,2;0,5
16/08/2018;2,2;0,5
17/08/2018;2,2;0,5
18/08/2018;2,2;0,5
19/08/2018;2,2;0,5
20/08/2018;2,2;0,5
21/08/2018;2,2;0,5
22/08/2018;2,2;0,5
23/08/2018;2,2;0,5
24/08/2018;2,2;0,5
25/08/2018;2,2;0,5
26/08/2018;2,2;0,5
27/08/2018;2,2;0,5
28/08/2018;2,2;0,5
29/08/2018;2,2;0,5
30/08/2018;2,2;0,5
31/08/2018;2,2;0,5
01/09/2018;2,2;0,5
02/09/2018;2,2;0,5
03/09/2018;2,2;0,5
04/09/2018;2,2;0,5
05/09/2018;2,2;0,5
06/09/2018;2,2;0,5
07/09/2018;2,2;0,5
08/09/2018;2,2;0,5
09/09/2018;2,2;0,5
10/09/2018;2,2;0,5
11/09/2018;2,2;0,5
12/09/2018;2,2;0,5
13/09/2018;2,2;0,5
14/09/2018;2,2;0,5
15/09/2018;2,2;0,5
16/09/2018;2,2;0,5
17/09/2018;2,2;0,5
18/09/2018;2,2;0,5
19/09/2018;2,2;0,5
20/09/2018;2,2;0,5
21/09/2018;2,2;0,5
22/09/2018;2,2;0,5
23/09/2018;2,2;0,5
24/09/2018;2,2;0,5
25/09/2018;2,2;0,5
26/09/2018;2,2;0,5
27/09/2018;2,2;0,5
28/09/2018;2,2;0,5
29/09/2018;2,2;0,5
30/09/2018;2,2;0,5
01/10/2018;2,1;0,6
02/10/2018;2,1;0,6
03/10/2018;2,1;0,6
04/10/2018;2,1;0,6
05/10/2018;2,1;0,6
06/10/2018;2,1;0,6
07/10/2018;2,1;0,6
08/10/2018;2,1;0,6
09/10/2018;2,1;0,6
10/10/2018;2,1;0,6
11/10/2018;2,1;0,6
12/10/2018;2,1;0,6
13/10/2018;2,1;0,6
14/10/2018;2,1;0,6
15/10/2018;2,1;0,6
16/10/2018;2,1;0,6
17/10/2018;2,1;0,6
18/10/2018;2,1;0,6
19/10/2018;2,1;0,6
20/10/2018;2,1;0,6
21/10/2018;2,1;0,6
22/10/2018;2,1;0,6
23/10/2018;2,1;0,6
24/10/2018;2,1;0,6
25/10/2018;2,1;0,6
26/10/2018;2,1;0,6
27/10/2018;2,1;0,6
28/10/2018;2,1;0,6
29/10/2018;2,1;0,6
30/10/2018;2,1;0,6
31/10/2018;2,1;0,6
01/11/2018;2,1;0,6
02/11/2018;2,1;0,6
03/11/2018;2,1;0,6
04/11/2018;2,1;0,6
05/11/2018;2,1;0,6
06/11/2018;2,1;0,6
07/11/2018;2,1;0,6
08/11/2018;2,1;0,6
09/11/2018;2,1;0,6
10/11/2018;2,1;0,6
11/11/2018;2,1;0,6
12/11/2018;2,1;0,6
13/11/2018;2,1;0,6
14/11/2018;2,1;0,6
15/11/2018;2,1;0,6
16/11/2018;2,1;0,6
17/11/2018;2,1;0,6
18/11/2018;2,1;0,6
19/11/2018;2,1;0,6
20/11/2018;2,1;0,6
21/11/2018;2,1;0,6
22/11/2018;2,1;0,6
23/11/2018;2,1;0,6
24/11/2018;2,1;0,6
25/11/2018;2,1;0,6
26/11/2018;2,1;0,6
27/11/2018;2,1;0,6
28/11/2018;2,1;0,6
29/11/2018;2,1;0,6
30/11/2018;2,1;0,6
01/12/2018;2,1;0,6
02/12/2018;2,1;0,6
03/12/2018;2,1;0,6
04/12/2018;2,1;0,6
05/12/2018;2,1;0,6
06/12/2018;2,1;0,6
07/12/2018;2,1;0,6
08/12/2018;2,1;0,6
09/12/2018;2,1;0,6
10/12/2018;2,1;0,6
11/12/2018;2,1;0,6
12/12/2018;2,1;0,6
13/12/2018;2,1;0,6
14/12/2018;2,1;0,6
15/12/2018;2,1;0,6
16/12/2018;2,1;0,6
17/12/2018;2,1;0,6
18/12/2018;2,1;0,6
19/12/2018;2,1;0,6
20/12/2018;2,1;0,6
21/12/2018;2,1;0,6
22/12/2018;2,1;0,6
23/12/2018;2,1;0,6
24/12/2018;2,1;0,6
25/12/2018;2,1;0,6
26/12/2018;2,1;0,6
27/12/2018;2,1;0,6
28/12/2018;2,1;0,6
29/12/2018;2,1;0,6
30/12/2018;2,1;0,6
31/12/2018;2,1;0,6
01/01/2019;2,2;0,6
02/01/2019;2,2;0,6
03/01/2019;2,2;0,6
04/01/2019;2,2;0,6
05/01/2019;2,2;0,6
06/01/2019;2,2;0,6
07/01/2019;2,2;0,6
08/01/2019;2,2;0,6
09/01/2019;2,2;0,6
10/01/2019;2,2;0,6
11/01/2019;2,2;0,6
12/01/2019;2,2;0,6
13/01/2019;2,2;0,6
14/01/2019;2,2;0,6
15/01/2019;2,2;0,6
16/01/2019;2,2;0,6
17/01/2019;2,2;0,6
18/01/2019;2,2;0,6
19/01/2019;2,2;0,6
20/01/2019;2,2;0,6
21/01/2019;2,2;0,6
22/01/2019;2,2;0,6
23/01/2019;2,2;0,6
24/01/2019;2,2;0,6
25/01/2019;2,2;0,6
26/01/2019;2,2;0,6
27/01/2019;2,2;0,6
28/01/2019;2,2;0,6
29/01/2019;2,2;0,6
30/01/2019;2,2;0,6
31/01/2019;2,2;0,6
01/02/2019;2,2;0,6
02/02/2019;2,2;0,6
03/02/2019;2,2;0,6
04/02/2019;2,2;0,6
05/02/2019;2,2;0,6
06/02/2019;2,2;0,6
07/02/2019;2,2;0,6
08/02/2019;2,2;0,6
09/02/2019;2,2;0,6
10/02/2019;2,2;0,6
11/02/2019;2,2;0,6
12/02/2019;2,2;0,6
13/02/2019;2,2;0,6
14/02/2019;2,2;0,6
15/02/2019;2,2;0,6
16/02/2019;2,2;0,6
17/02/2019;2,2;0,6
18/02/2019;2,2;0,6
19/02/2019;2,2;0,6
20/02/2019;2,2;0,6
21/02/2019;2,2;0,6
22/02/2019;2,2;0,6
23/02/2019;2,2;0,6
24/02/2019;2,2;0,6
25/02/2019;2,2;0,6
26/02/2019;2,2;0,6
27/02/2019;2,2;0,6
28/02/2019;2,2;0,6
01/03/2019;2,2;0,6
02/03/2019;2,2;0,6
03/03/2019;2,2;0,6
04/03/2019;2,2;0,6
05/03/2019;2,2;0,6
06/03/2019;2,2;0,6
07/03/2019;2,2;0,6
08/03/2019;2,2;0,6
09/03/2019;2,2;0,6
10/03/2019;2,2;0,6
11/03/2019;2,2;0,6
12/03/2019;2,2;0,6
13/03/2019;2,2;0,6
14/03/2019;2,2;0,6
15/03/2019;2,2;0,6
16/03/2019;2,2;0,6
17/03/2019;2,2;0,6
18/03/2019;2,2;0,6
19/03/2019;2,2;0,6
20/03/2019;2,2;0,6
21/03/2019;2,2;0,6
22/03/2019;2,2;0,6
23/03/2019;2,2;0,6
24/03/2019;2,2;0,6
25/03/2019;2,2;0,6
26/03/2019;2,2;0,6
27/03/2019;2,2;0,6
28/03/2019;2,2;0,6
29/03/2019;2,2;0,6
30/03/2019;2,2;0,6
31/03/2019;2,2;0,6
01/04/2019;2;0,4
02/04/2019;2;0,4
03/04/2019;2;0,4
04/04/2019;2;0,4
05/04/2019;2;0,4
06/04/2019;2;0,4
07/04/2019;2;0,4
08/04/2019;2;0,4
09/04/2019;2;0,4
10/04/2019;2;0,4
11/04/2019;2;0,4
12/04/2019;2;0,4
13/04/2019;2;0,4
14/04/2019;2;0,4
15/04/2019;2;0,4
16/04/2019;2;0,4
17/04/2019;2;0,4
18/04/2019;2;0,4
19/04/2019;2;0,4
20/04/2019;2;0,4
21/04/2019;2;0,4
22/04/2019;2;0,4
23/04/2019;2;0,4
24/04/2019;2;0,4
25/04/2019;2;0,4
26/04/2019;2;0,4
27/04/2019;2;0,4
28/04/2019;2;0,4
29/04/2019;2;0,4
30/04/2019;2;0,4
01/05/2019;2;0,4
02/05/2019;2;0,4
03/05/2019;2;0,4
04/05/2019;2;0,4
05/05/2019;2;0,4
06/05/2019;2;0,4
07/05/2019;2;0,4
08/05/2019;2;0,4
09/05/2019;2;0,4
10/05/2019;2;0,4
11/05/2019;2;0,4
12/05/2019;2;0,4
13/05/2019;2;0,4
14/05/2019;2;0,4
15/05/2019;2;0,4
16/05/2019;2;0,4
17/05/2019;2;0,4
18/05/2019;2;0,4
19/05/2019;2;0,4
20/05/2019;2;0,4
21/05/2019;2;0,4
22/05/2019;2;0,4
23/05/2019;2;0,4
24/05/2019;2;0,4
25/05/2019;2;0,4
26/05/2019;2;0,4
27/05/2019;2;0,4
28/05/2019;2;0,4
29/05/2019;2;0,4
30/05/2019;2;0,4
31/05/2019;2;0,4
01/06/2019;2;0,4
02/06/2019;2;0,4
03/06/2019;2;0,4
04/06/2019;2;0,4
05/06/2019;2;0,4
06/06/2019;2;0,4
07/06/2019;2;0,4
08/06/2019;2;0,4
09/06/2019;2;0,4
10/06/2019;2;0,4
11/06/2019;2;0,4
12/06/2019;2;0,4
13/06/2019;2;0,4
14/06/2019;2;0,4
15/06/2019;2;0,4
16/06/2019;2;0,4
17/06/2019;2;0,4
18/06/2019;2;0,4
19/06/2019;2;0,4
20/06/2019;2;0,4
21/06/2019;2;0,4
22/06/2019;2;0,4
23/06/2019;2;0,4
24/06/2019;2;0,4
25/06/2019;2;0,4
26/06/2019;2;0,4
27/06/2019;2;0,4
28/06/2019;2;0,4
29/06/2019;2;0,4
30/06/2019;2;0,4
01/07/2019;1,9;0,4
02/07/2019;1,9;0,4
03/07/2019;1,9;0,4
04/07/2019;1,9;0,4
05/07/2019;1,9;0,4
06/07/2019;1,9;0,4
07/07/2019;1,9;0,4
08/07/2019;1,9;0,4
09/07/2019;1,9;0,4
10/07/2019;1,9;0,4
11/07/2019;1,9;0,4
12/07/2019;1,9;0,4
13/07/2019;1,9;0,4
14/07/2019;1,9;0,4
15/07/2019;1,9;0,4
16/07/2019;1,9;0,4
17/07/2019;1,9;0,4
18/07/2019;1,9;0,4
19/07/2019;1,9;0,4
20/07/2019;1,9;0,4
21/07/2019;1,9;0,4
22/07/2019;1,9;0,4
23/07/2019;1,9;0,4
24/07/2019;1,9;0,4
25/07/2019;1,9;0,4
26/07/2019;1,9;0,4
27/07/2019;1,9;0,4
28/07/2019;1,9;0,4
29/07/2019;1,9;0,4
30/07/2019;1,9;0,4
31/07/2019;1,9;0,4
01/08/2019;1,9;0,4
02/08/2019;1,9;0,4
03/08/2019;1,9;0,4
04/08/2019;1,9;0,4
05/08/2019;1,9;0,4
06/08/2019;1,9;0,4
07/08/2019;1,9;0,4
08/08/2019;1,9;0,4
09/08/2019;1,9;0,4
10/08/2019;1,9;0,4
11/08/2019;1,9;0,4
12/08/2019;1,9;0,4
13/08/2019;1,9;0,4
14/08/2019;1,9;0,4
15/08/2019;1,9;0,4
16/08/2019;1,9;0,4
17/08/2019;1,9;0,4
18/08/2019;1,9;0,4
19/08/2019;1,9;0,4
20/08/2019;1,9;0,4
21/08/2019;1,9;0,4
22/08/2019;1,9;0,4
23/08/2019;1,9;0,4
24/08/2019;1,9;0,4
25/08/2019;1,9;0,4
26/08/2019;1,9;0,4
27/08/2019;1,9;0,4
28/08/2019;1,9;0,4
29/08/2019;1,9;0,4
30/08/2019;1,9;0,4
31/08/2019;1,9;0,4
01/09/2019;1,9;0,4
02/09/2019;1,9;0,4
03/09/2019;1,9;0,4
04/09/2019;1,9;0,4
05/09/2019;1,9;0,4
06/09/2019;1,9;0,4
07/09/2019;1,9;0,4
08/09/2019;1,9;0,4
09/09/2019;1,9;0,4
10/09/2019;1,9;0,4
11/09/2019;1,9;0,4
12/09/2019;1,9;0,4
13/09/2019;1,9;0,4
14/09/2019;1,9;0,4
15/09/2019;1,9;0,4
16/09/2019;1,9;0,4
17/09/2019;1,9;0,4
18/09/2019;1,9;0,4
19/09/2019;1,9;0,4
20/09/2019;1,9;0,4
21/09/2019;1,9;0,4
22/09/2019;1,9;0,4
23/09/2019;1,9;0,4
24/09/2019;1,9;0,4
25/09/2019;1,9;0,4
26/09/2019;1,9;0,4
27/09/2019;1,9;0,4
28/09/2019;1,9;0,4
29/09/2019;1,9;0,4
30/09/2019;1,9;0,4
01/10/2019;1,8;0,4
02/10/2019;1,8;0,4
03/10/2019;1,8;0,4
04/10/2019;1,8;0,4
05/10/2019;1,8;0,4
06/10/2019;1,8;0,4
07/10/2019;1,8;0,4
08/10/2019;1,8;0,4
09/10/2019;1,8;0,4
10/10/2019;1,8;0,4
11/10/2019;1,8;0,4
12/10/2019;1,8;0,4
13/10/2019;1,8;0,4
14/10/2019;1,8;0,4
15/10/2019;1,8;0,4
16/10/2019;1,8;0,4
17/10/2019;1,8;0,4
18/10/2019;1,8;0,4
19/10/2019;1,8;0,4
20/10/2019;1,8;0,4
21/10/2019;1,8;0,4
22/10/2019;1,8;0,4
23/10/2019;1,8;0,4
24/10/2019;1,8;0,4
25/10/2019;1,8;0,4
26/10/2019;1,8;0,4
27/10/2019;1,8;0,4
28/10/2019;1,8;0,4
29/10/2019;1,8;0,4
30/10/2019;1,8;0,4
31/10/2019;1,8;0,4
01/11/2019;1,8;0,4
02/11/2019;1,8;0,4
03/11/2019;1,8;0,4
04/11/2019;1,8;0,4
05/11/2019;1,8;0,4
06/11/2019;1,8;0,4
07/11/2019;1,8;0,4
08/11/2019;1,8;0,4
09/11/2019;1,8;0,4
10/11/2019;1,8;0,4
11/11/2019;1,8;0,4
12/11/2019;1,8;0,4
13/11/2019;1,8;0,4
14/11/2019;1,8;0,4
15/11/2019;1,8;0,4
16/11/2019;1,8;0,4
17/11/2019;1,8;0,4
18/11/2019;1,8;0,4
19/11/2019;1,8;0,4
20/11/2019;1,8;0,4
21/11/2019;1,8;0,4
22/11/2019;1,8;0,4
23/11/2019;1,8;0,4
24/11/2019;1,8;0,4
25/11/2019;1,8;0,4
26/11/2019;1,8;0,4
27/11/2019;1,8;0,4
28/11/2019;1,8;0,4
29/11/2019;1,8;0,4
30/11/2019;1,8;0,4
01/12/2019;1,8;0,4
02/12/2019;1,8;0,4
03/12/2019;1,8;0,4
04/12/2019;1,8;0,4
05/12/2019;1,8;0,4
06/12/2019;1,8;0,4
07/12/2019;1,8;0,4
08/12/2019;1,8;0,4
09/12/2019;1,8;0,4
10/12/2019;1,8;0,4
11/12/2019;1,8;0,4
12/12/2019;1,8;0,4
13/12/2019;1,8;0,4
14/12/2019;1,8;0,4
15/12/2019;1,8;0,4
16/12/2019;1,8;0,4
17/12/2019;1,8;0,4
18/12/2019;1,8;0,4
19/12/2019;1,8;0,4
20/12/2019;1,8;0,4
21/12/2019;1,8;0,4
22/12/2019;1,8;0,4
23/12/2019;1,8;0,4
24/12/2019;1,8;0,4
25/12/2019;1,8;0,4
26/12/2019;1,8;0,4
27/12/2019;1,8;0,4
28/12/2019;1,8;0,4
29/12/2019;1,8;0,4
30/12/2019;1,8;0,4
31/12/2019;1,8;0,4
01/01/2020;-4,1;-5,2
02/01/2020;-4,1;-5,2
03/01/2020;-4,1;-5,2
04/01/2020;-4,1;-5,2
05/01/2020;-4,1;-5,2
06/01/2020;-4,1;-5,2
07/01/2020;-4,1;-5,2
08/01/2020;-4,1;-5,2
09/01/2020;-4,1;-5,2
10/01/2020;-4,1;-5,2
11/01/2020;-4,1;-5,2
12/01/2020;-4,1;-5,2
13/01/2020;-4,1;-5,2
14/01/2020;-4,1;-5,2
15/01/2020;-4,1;-5,2
16/01/2020;-4,1;-5,2
17/01/2020;-4,1;-5,2
18/01/2020;-4,1;-5,2
19/01/2020;-4,1;-5,2
20/01/2020;-4,1;-5,2
21/01/2020;-4,1;-5,2
22/01/2020;-4,1;-5,2
23/01/2020;-4,1;-5,2
24/01/2020;-4,1;-5,2
25/01/2020;-4,1;-5,2
26/01/2020;-4,1;-5,2
27/01/2020;-4,1;-5,2
28/01/2020;-4,1;-5,2
29/01/2020;-4,1;-5,2
30/01/2020;-4,1;-5,2
31/01/2020;-4,1;-5,2
01/02/2020;-4,1;-5,2
02/02/2020;-4,1;-5,2
03/02/2020;-4,1;-5,2
04/02/2020;-4,1;-5,2
05/02/2020;-4,1;-5,2
06/02/2020;-4,1;-5,2
07/02/2020;-4,1;-5,2
08/02/2020;-4,1;-5,2
09/02/2020;-4,1;-5,2
10/02/2020;-4,1;-5,2
11/02/2020;-4,1;-5,2
12/02/2020;-4,1;-5,2
13/02/2020;-4,1;-5,2
14/02/2020;-4,1;-5,2
15/02/2020;-4,1;-5,2
16/02/2020;-4,1;-5,2
17/02/2020;-4,1;-5,2
18/02/2020;-4,1;-5,2
19/02/2020;-4,1;-5,2
20/02/2020;-4,1;-5,2
21/02/2020;-4,1;-5,2
22/02/2020;-4,1;-5,2
23/02/2020;-4,1;-5,2
24/02/2020;-4,1;-5,2
25/02/2020;-4,1;-5,2
26/02/2020;-4,1;-5,2
27/02/2020;-4,1;-5,2
28/02/2020;-4,1;-5,2
29/02/2020;-4,1;-5,2
01/03/2020;-4,1;-5,2
02/03/2020;-4,1;-5,2
03/03/2020;-4,1;-5,2
04/03/2020;-4,1;-5,2
05/03/2020;-4,1;-5,2
06/03/2020;-4,1;-5,2
07/03/2020;-4,1;-5,2
08/03/2020;-4,1;-5,2
09/03/2020;-4,1;-5,2
10/03/2020;-4,1;-5,2
11/03/2020;-4,1;-5,2
12/03/2020;-4,1;-5,2
13/03/2020;-4,1;-5,2
14/03/2020;-4,1;-5,2
15/03/2020;-4,1;-5,2
16/03/2020;-4,1;-5,2
17/03/2020;-4,1;-5,2
18/03/2020;-4,1;-5,2
19/03/2020;-4,1;-5,2
20/03/2020;-4,1;-5,2
21/03/2020;-4,1;-5,2
22/03/2020;-4,1;-5,2
23/03/2020;-4,1;-5,2
24/03/2020;-4,1;-5,2
25/03/2020;-4,1;-5,2
26/03/2020;-4,1;-5,2
27/03/2020;-4,1;-5,2
28/03/2020;-4,1;-5,2
29/03/2020;-4,1;-5,2
30/03/2020;-4,1;-5,2
31/03/2020;-4,1;-5,2
